,main,main_loss,backdoor,backdoor_loss,lr
1,76.91,0.0029164605736732483,7.21,0.016555871510505676,0.002
2,88.99000000000001,0.0015871170841157435,29.720000000000002,0.014737820386886596,0.002
3,90.63,0.0012650088682770728,60.8,0.005712469005584717,0.002
4,90.82000000000001,0.001261700238287449,63.870000000000005,0.004743109893798828,0.002
5,90.4,0.0012886584341526032,79.73,0.0025378672629594802,0.002
6,90.94,0.0012835827961564063,58.87,0.005795547294616699,0.002
7,90.82000000000001,0.0012165157556533813,73.89,0.0034285078704357147,0.002
8,90.86,0.0012608670011162758,79.32000000000001,0.0027431973218917847,0.002
9,90.9,0.001205474428832531,88.91,0.0014837571531534195,0.002
10,91.11,0.0011936725944280623,87.92999999999999,0.0015661635100841522,0.002
11,91.05,0.001194046624004841,89.64,0.001345464012026787,0.002
12,90.95,0.0011910829141736031,92.58999999999999,0.001005730302631855,0.002
13,91.08000000000001,0.001222696354985237,93.65,0.0009249062925577164,0.002
14,90.78,0.0012199468031525611,93.22,0.000956069427728653,0.002
15,90.78,0.0012166027083992958,93.23,0.0009271628513932228,0.002
16,90.91,0.0011866867676377296,93.51,0.0009278896391391754,0.002
17,91.06,0.0012081400424242019,95.89,0.000606852225959301,0.002
18,91.22,0.001212313424050808,95.87,0.0006103597357869148,0.002
19,91.14,0.0011937538728117943,95.47,0.0006536933869123459,0.002
20,91.4,0.001173052506148815,95.73,0.0006236190646886825,0.002
21,91.19,0.0011781280994415282,95.69,0.0006588457487523556,0.002
22,91.5,0.0011764212131500245,95.94,0.000603574025630951,0.002
23,91.33,0.0011626523211598397,96.21,0.0005754816934466362,0.002
24,91.41,0.001166092613339424,96.28,0.000580430256575346,0.002
25,91.22,0.0011584771931171416,96.61,0.0004933837682008743,0.002
26,91.41,0.0011590486139059068,97.72,0.0003608643002808094,0.002
27,91.03,0.001204425349831581,97.44,0.00043138187639415267,0.002
28,90.99000000000001,0.0011939465060830116,98.03,0.00031887809857726097,0.002
29,91.43,0.0011758463889360428,98.42999999999999,0.0002563103502616286,0.002
30,91.32000000000001,0.0011757457733154297,98.03,0.0003482375979423523,0.002
31,91.21000000000001,0.0011878335535526275,97.82,0.00035807123072445393,0.002
32,91.27,0.0011606795504689217,98.08,0.0003261534396559,0.002
33,91.14999999999999,0.0011601869970560073,97.95,0.0003479037404060364,0.002
34,91.16,0.0011854762583971023,97.92999999999999,0.00035119635835289956,0.002
35,91.23,0.0011844576224684716,98.27,0.0002915643334388733,0.002
36,91.18,0.0011956438168883323,98.32,0.00029434926249086857,0.002
37,91.14999999999999,0.001188503547012806,98.02,0.00034511885717511176,0.002
38,91.2,0.0011573793828487395,97.86,0.0004027923483401537,0.002
39,91.22,0.0011671904176473618,98.34,0.0002994721967726946,0.002
40,91.61,0.0011289268970489502,98.25,0.0003033102121204138,0.002
41,91.43,0.0011678347319364548,98.41,0.00027003539577126506,0.002
42,91.53,0.0011292598024010658,97.8,0.0003669460192322731,0.002
43,91.46,0.0011996782660484314,98.52,0.0002682688036933541,0.002
44,91.22,0.0011700938656926156,98.79,0.00022222832068800926,0.002
45,90.97,0.0011934240102767944,98.89,0.00019547964856028556,0.002
46,91.5,0.0011310360684990883,98.65,0.00022945751529186963,0.002
47,91.28,0.0011746504321694373,98.49,0.00028376444056630137,0.002
48,91.19,0.001173762421309948,98.85000000000001,0.00022627698574215175,0.002
49,91.19,0.0011830720201134683,98.72999999999999,0.0002580064218491316,0.002
50,91.25999999999999,0.0011836863189935685,98.72,0.0002564356539398432,0.002
51,91.34,0.0011698552906513214,98.67,0.00026553347259759906,0.002
52,91.29,0.001154700469970703,98.8,0.00023418133594095707,0.002
53,91.2,0.0011726035237312317,98.67,0.0002512620531022549,0.002
54,91.3,0.0011705618441104888,98.83,0.00021168770920485257,0.002
55,91.46,0.00116342221647501,98.61999999999999,0.00026827599816024305,0.002
56,91.45,0.001193797118961811,98.89,0.00020184358041733504,0.002
57,91.11,0.0011885390862822532,98.72999999999999,0.00027737926840782165,0.002
58,91.44,0.001164441369473934,99.0,0.00018077206574380398,0.002
59,91.56,0.0011470315486192704,98.72999999999999,0.00025705114789307116,0.002
60,91.21000000000001,0.0012003623738884926,98.98,0.00019837395157665014,0.002
61,91.23,0.001188868136703968,99.00999999999999,0.00019632886573672293,0.002
62,91.46,0.0011726235151290894,98.95,0.0002360832681879401,0.002
63,91.41,0.001146108640730381,98.53,0.0003282640889286995,0.002
64,91.01,0.0011975391045212745,99.08,0.00020918915197253227,0.002
65,91.46,0.0011455052182078361,98.9,0.0002081368776038289,0.002
66,91.22,0.001192068399488926,99.02,0.00022302364688366652,0.002
67,91.21000000000001,0.0011841102465987205,99.03999999999999,0.00023234814777970314,0.002
68,91.22,0.0012130473077297211,99.06,0.00020323166828602554,0.002
69,91.27,0.001176464805006981,98.96000000000001,0.00020770733151584864,0.002
70,91.18,0.0011832468509674072,98.50999999999999,0.00041182470396161077,0.002
71,91.31,0.0011657840803265573,98.83999999999999,0.00027232630439102647,0.002
72,91.47,0.001168873757123947,98.8,0.0002670474749058485,0.002
73,91.45,0.0011580510094761848,98.81,0.00027951168045401575,0.002
74,91.75999999999999,0.0011532593727111816,99.07000000000001,0.0001750017773360014,0.002
75,91.59,0.0011575560495257378,99.13,0.0001851237354800105,0.002
76,91.49000000000001,0.0011453993886709213,99.02,0.0002185172248631716,0.002
77,91.69,0.001163352519273758,98.9,0.00022989980783313512,0.002
78,91.72,0.0011545067042112351,99.05000000000001,0.0001901266660541296,0.002
79,91.7,0.0011380398109555245,99.09,0.00018834259286522865,0.002
80,91.62,0.001137811340391636,98.68,0.00030298532992601395,0.002
81,91.47,0.001150632508099079,99.06,0.00019637335631996394,0.002
82,91.43,0.0011639279663562775,99.06,0.00020344204567372798,0.002
83,91.39,0.001166643711924553,99.11,0.00020703567955642938,0.002
84,91.21000000000001,0.0011748750433325768,99.32,0.00013720433097332715,0.002
85,91.43,0.0011665313139557838,99.37,0.00019651806242763995,0.002
86,91.46,0.0011577614456415176,99.06,0.00023510854579508305,0.002
87,91.53999999999999,0.0011821743234992027,99.19,0.0001761876029893756,0.002
88,91.14999999999999,0.0011967628642916678,99.36,0.00013977992907166482,0.002
89,91.24,0.0011956940218806266,99.25,0.00016080005187541247,0.002
90,91.05,0.0011976484894752502,98.57000000000001,0.0004676827982068062,0.002
91,91.63,0.0011590362891554832,99.11999999999999,0.00020653162933886052,0.002
92,91.42,0.0011865207344293595,99.22,0.000164344697073102,0.002
93,91.44,0.0011703173026442527,99.15,0.00022999075911939144,0.002
94,91.55,0.0011419337704777718,99.41,0.00013568652793765067,0.002
95,91.47999999999999,0.001170506103336811,99.4,0.0001336226032115519,0.002
96,91.36,0.001153165103495121,99.32,0.0002992023542523384,0.002
97,91.51,0.0011470903694629669,99.42,0.00012950058225542308,0.002
98,91.46,0.0011607948556542397,99.37,0.00018996790070086717,0.002
99,91.43,0.001155585888028145,99.38,0.0001422249384224415,0.002
100,91.64999999999999,0.001145327278971672,98.00999999999999,0.0005920658774673939,0.002
101,91.71000000000001,0.0011439680337905884,98.82,0.0003879793919622898,0.002
102,91.52,0.0011417178884148597,93.95,0.0010605471581220628,0.002
103,91.72,0.0011287235885858535,97.81,0.0005558713123202324,0.002
104,91.72,0.0011381009846925735,98.28,0.00045093385204672814,0.002
105,91.7,0.0011237093210220337,84.34,0.001975193011760712,0.002
106,91.66,0.0011367656856775283,96.84,0.0007396529823541641,0.002
107,91.71000000000001,0.0011071493580937385,97.8,0.0005482054196298122,0.002
108,91.77,0.0011347631275653838,98.4,0.00036276256032288074,0.002
109,91.57,0.0011496925726532936,80.97,0.0022959091186523437,0.002
110,91.8,0.0011204336553812028,95.33,0.0009365443721413612,0.002
111,91.9,0.001100985224545002,82.5,0.002070515811443329,0.002
112,91.75,0.0011291057392954827,96.96000000000001,0.0005943294674158096,0.002
113,91.79,0.0011309012860059738,97.23,0.0005622496120631695,0.002
114,91.78,0.001128994756937027,92.7,0.0011331197693943977,0.002
115,91.77,0.001118010900914669,96.08,0.0007688259497284889,0.002
116,91.84,0.001125719240307808,94.32000000000001,0.0009679765149950982,0.002
117,91.83,0.0011170482397079467,96.41999999999999,0.0006765103429555893,0.002
118,91.84,0.0011270107731223106,97.27,0.0005080686062574386,0.002
119,91.88,0.0011178285017609596,79.71000000000001,0.0023524292290210726,0.002
120,91.82000000000001,0.00111089418977499,96.31,0.0006693630568683147,0.002
121,91.75999999999999,0.0011301140874624253,86.11999999999999,0.0017731185287237167,0.002
122,91.81,0.0011355711326003074,96.25,0.0006796719066798687,0.002
123,91.71000000000001,0.0011242989212274551,94.33,0.0009485519185662269,0.002
124,91.73,0.0011339577555656434,88.25,0.0016192329257726668,0.002
125,91.86,0.001134033839404583,95.81,0.0006924487963318825,0.002
126,91.56,0.0011511028468608857,92.99,0.0011432977750897408,0.002
127,91.84,0.001135444150865078,93.49,0.0010124951362609864,0.002
128,91.93,0.0011075423657894135,85.06,0.0019015871554613113,0.002
129,91.88,0.0011070302858948707,94.64,0.0008736080199480057,0.002
130,91.83,0.0011426307529211045,93.08,0.0010449217066168786,0.002
131,91.58,0.0011639342963695525,94.11,0.0009422682568430901,0.002
132,91.66,0.0011261231273412705,76.6,0.002658134615421295,0.002
133,91.8,0.0011133922830224036,90.95,0.001332139639556408,0.002
134,91.94,0.001113573631644249,83.22,0.002063944900035858,0.002
135,91.9,0.0011173688054084779,85.1,0.0019137902915477754,0.002
136,91.79,0.0011060849115252494,78.75,0.0025291209399700165,0.002
137,91.91,0.0011345926806330682,90.11,0.0014117344588041305,0.002
138,91.77,0.0011086131989955902,90.85,0.0013444458097219467,0.002
139,92.0,0.0010949853166937829,91.56,0.0012420213505625725,0.002
140,91.86,0.0011290322810411453,90.45,0.0013604692876338959,0.002
141,91.59,0.0011210357561707498,92.52,0.0011215370073914528,0.002
142,91.94,0.0010980946883559228,88.78,0.0015540345430374147,0.002
143,91.92,0.0011036746829748154,90.05,0.0013983135402202607,0.002
144,91.7,0.0011312989845871926,88.79,0.0016271581441164016,0.002
145,91.96,0.0010941605493426322,90.42999999999999,0.0013513583421707154,0.002
146,91.81,0.0011042874157428742,89.13,0.0015534478038549424,0.002
147,91.96,0.0010993776500225066,89.59,0.0014628071099519729,0.002
148,91.67,0.0011274015039205551,86.44,0.0018764535337686538,0.002
149,91.84,0.0011119926273822785,83.0,0.002136354050040245,0.002
150,91.74,0.0011340714290738105,90.82000000000001,0.0013379348993301393,0.002
151,91.62,0.001142963919043541,82.77,0.002200112992525101,0.002
152,92.0,0.0011054755046963692,87.49,0.0016741426795721054,0.002
153,91.8,0.0011396206974983215,88.82,0.0015394543409347535,0.002
154,91.64,0.0011408336117863654,81.01,0.002417262327671051,0.002
155,91.93,0.0011039904356002807,85.3,0.0019056393504142761,0.002
156,92.02,0.0011141249790787696,88.92999999999999,0.001564530238509178,0.002
157,92.04,0.0010972247406840325,89.60000000000001,0.0014520421594381332,0.002
158,91.97,0.0011361548796296119,85.18,0.0019206150054931642,0.002
159,91.67999999999999,0.0011329232588410377,89.37,0.0015211881518363952,0.002
160,91.9,0.0011104701444506644,86.42999999999999,0.0018222233504056932,0.002
161,91.82000000000001,0.0011166713625192642,84.23,0.0020649234652519227,0.002
162,92.19000000000001,0.0010844399452209473,87.94999999999999,0.0016111762672662735,0.002
163,91.88,0.0011181499749422074,70.81,0.0032114271223545074,0.002
164,91.93,0.0011019901633262635,81.73,0.0022611577570438384,0.002
165,91.83,0.001113446205854416,87.59,0.0016941956132650376,0.002
166,91.89,0.00110366373360157,85.77,0.0018739870667457581,0.002
167,91.78,0.001140739306807518,80.08999999999999,0.002447192579507828,0.002
168,91.95,0.0011079507201910018,88.0,0.001643731701374054,0.002
169,91.96,0.0011290903732180595,83.62,0.0020823947817087173,0.002
170,92.05,0.0011061618119478226,88.4,0.001596342247724533,0.002
171,91.49000000000001,0.0011361766502261162,87.8,0.001673989474773407,0.002
172,91.92,0.0010980482310056687,75.59,0.002765613156557083,0.002
173,92.04,0.0010881553262472154,85.7,0.0018872024357318878,0.002
174,91.99000000000001,0.0010930464074015618,73.35000000000001,0.002992948180437088,0.002
175,91.94,0.0011292667984962464,79.85,0.002436809664964676,0.002
176,91.97,0.0011127892568707466,83.32000000000001,0.002131493878364563,0.002
177,91.97999999999999,0.0011220867350697518,85.74000000000001,0.0018990114867687225,0.002
178,92.03,0.0011088703826069833,79.91,0.002431194034218788,0.002
179,92.23,0.0010882963821291923,85.59,0.0018433507740497589,0.002
180,91.99000000000001,0.0011040349021553993,81.86,0.002233634889125824,0.002
181,91.79,0.0011118725687265397,67.09,0.0035399015247821806,0.002
182,91.89,0.0011044273167848586,84.89,0.001972171434760094,0.002
183,92.12,0.0010775765538215637,84.24000000000001,0.0020243324130773542,0.002
184,92.02,0.0011050273209810258,83.16,0.0021452091991901396,0.002
185,91.89,0.001096589758992195,84.7,0.0020132399499416353,0.002
186,92.15,0.0010972131967544555,82.06,0.0022648218780756,0.002
187,91.92,0.0010924820497632028,86.32,0.0018711724072694778,0.002
188,91.96,0.0011055861294269561,82.94,0.0022096663504838944,0.002
189,91.97999999999999,0.0011077959522604942,73.96000000000001,0.0029789106786251066,0.002
190,91.85,0.0011016796946525574,83.15,0.0021634369254112246,0.002
191,91.97,0.001114210793375969,78.88,0.0025572687089443205,0.002
192,92.01,0.0011024356678128243,83.02000000000001,0.002185237440466881,0.002
193,91.61,0.0011468619883060456,81.46,0.00234068982899189,0.002
194,92.0,0.0010933782562613488,81.45,0.002307203006744385,0.002
195,91.95,0.0011136194840073587,77.57,0.0026866587579250337,0.002
196,92.08,0.0011132108941674232,77.71000000000001,0.0026798762142658233,0.002
197,91.91,0.001113817273080349,82.62,0.0022273522436618803,0.002
198,92.02,0.0010928624331951141,77.51,0.002684437757730484,0.002
199,92.01,0.001093856318295002,75.51,0.0029042524278163908,0.002
200,91.88,0.00112779710739851,83.33,0.0021484139829874038,0.002
201,91.96,0.0011118569880723954,72.25,0.00319128555059433,0.002
202,91.89,0.0011130635246634484,78.44,0.0026122392356395722,0.002
203,91.83,0.0011150463715195655,81.46,0.00234613516330719,0.002
204,92.08,0.0011114750429987907,82.3,0.0022685887038707735,0.002
205,91.95,0.001109607779979706,80.21000000000001,0.0024227727174758913,0.002
206,91.94,0.0011157337039709092,65.47,0.003739865642786026,0.002
207,91.8,0.0011163454696536065,82.93,0.0021907245367765427,0.002
208,91.88,0.0011423541218042374,77.52,0.002700741273164749,0.002
209,91.93,0.001114027425646782,78.88,0.0025824459969997406,0.002
210,91.95,0.0010977506518363952,80.77,0.0024187924444675447,0.002
211,92.05,0.0010955446124076844,80.58999999999999,0.0024187256515026093,0.002
212,91.99000000000001,0.0011088755533099175,80.06,0.002498398184776306,0.002
213,92.0,0.0010998154819011688,78.49000000000001,0.002648991507291794,0.002
214,91.77,0.0011214835464954376,77.51,0.0027516936004161833,0.002
215,92.07,0.0010992122635245323,67.15,0.0036615469634532927,0.002
216,91.75999999999999,0.0011238541319966316,82.07,0.002300707522034645,0.002
217,92.0,0.0010992747664451599,68.95,0.0035229367077350615,0.002
218,91.82000000000001,0.001111789047718048,77.96,0.0027262106835842133,0.002
219,92.17999999999999,0.0011089696496725083,78.61,0.0027331679403781893,0.002
220,91.89,0.0011089917048811913,59.03,0.004395670890808105,0.002
221,91.89,0.0011153558492660522,78.63,0.0026624409556388856,0.002
222,92.05,0.0010935587152838707,76.8,0.0028007672488689424,0.002
223,91.95,0.0011106781631708145,64.09,0.003991203808784485,0.002
224,92.05,0.0011088122323155403,73.28,0.003206811082363129,0.002
225,91.97,0.0011023512363433838,79.54,0.002647960823774338,0.002
226,91.91,0.0011069293409585953,72.97,0.003202333116531372,0.002
227,91.85,0.0011048381492495536,76.49000000000001,0.0028744656920433043,0.002
228,92.04,0.0011053236290812492,74.85000000000001,0.0029978617668151857,0.002
229,91.88,0.0011178646117448808,75.44999999999999,0.0030950995564460754,0.002
230,92.03,0.0011111474990844726,62.6,0.0041615662276744845,0.002
231,91.91,0.0011175936281681061,75.32,0.0030426339626312255,0.002
232,91.94,0.0011230014264583589,74.55000000000001,0.003104612565040588,0.002
233,91.89,0.0011215873822569848,74.35000000000001,0.0033453990280628205,0.002
234,91.97,0.0011267122268676759,64.62,0.004020695179700852,0.002
235,92.01,0.0011062438771128654,73.39,0.0031720349192619324,0.002
236,91.86999999999999,0.0011083960935473441,72.66,0.0032516074597835542,0.002
237,92.01,0.0011010615542531013,75.66000000000001,0.0030426127195358277,0.002
238,91.75999999999999,0.0011436160132288933,74.76,0.0031571033000946046,0.002
239,91.89,0.001118476800620556,66.17,0.003929902911186218,0.002
240,91.82000000000001,0.0011393290519714355,71.27,0.0034477550208568573,0.002
241,91.95,0.0011107218235731125,76.6,0.002955938786268234,0.002
242,91.77,0.001137126836180687,53.73,0.005020296382904053,0.002
243,92.0,0.0011117892771959305,69.24,0.0036281784772872923,0.002
244,91.81,0.0011409242123365403,75.01,0.0031966437697410585,0.002
245,91.64999999999999,0.0011483731284737586,55.84,0.004849866247177124,0.002
246,92.04,0.0011034295976161956,67.80000000000001,0.003703021264076233,0.002
247,91.8,0.0011318441972136498,66.16,0.003962497246265411,0.002
248,92.02,0.0011112026810646057,60.11,0.004512665414810181,0.002
249,91.88,0.0011125488579273224,68.07,0.003785071384906769,0.002
250,91.86999999999999,0.0011158855572342872,69.65,0.00370855148434639,0.002
251,91.71000000000001,0.001143262405693531,73.69,0.0034343764424324035,0.002
252,91.9,0.0011164090692996978,69.12,0.0036029797792434693,0.002
253,91.92,0.0011114244803786277,68.52000000000001,0.0037048181533813475,0.002
254,91.9,0.001123705594241619,71.12,0.0034259649872779847,0.002
255,91.85,0.0011227678373456002,70.77,0.003529877156019211,0.002
256,92.02,0.0011187588974833488,68.53,0.003954865056276321,0.002
257,92.08,0.001112564180791378,68.07,0.0037609921395778657,0.002
258,91.86999999999999,0.0011382071346044541,70.59,0.0034774600625038146,0.002
259,91.78,0.0011193756565451621,67.85,0.0037690054655075073,0.002
260,91.97999999999999,0.0011228792503476142,68.38,0.00371009983420372,0.002
261,91.75,0.0011373814076185227,60.47,0.004444792282581329,0.002
262,91.56,0.0011390034675598144,70.78,0.003608884584903717,0.002
263,91.64999999999999,0.0011576403692364692,71.25,0.003621473079919815,0.002
264,91.55,0.0011419637441635131,72.5,0.0033229320585727693,0.002
265,91.84,0.0011430725052952767,71.17,0.0036770708441734314,0.002
266,91.88,0.001113752853870392,70.52000000000001,0.003557607513666153,0.002
267,91.97,0.0011183141648769379,67.84,0.0038310893714427947,0.002
268,91.66,0.0011402377307415008,67.71000000000001,0.0037931023180484773,0.002
269,91.94,0.0011165036052465439,69.43,0.003786817789077759,0.002
270,91.85,0.0011170711234211922,65.73,0.0040014674186706544,0.002
271,91.96,0.0010985521659255028,56.279999999999994,0.004846825611591339,0.002
272,91.92,0.0011313916116952895,68.62,0.0038949370980262757,0.002
273,91.96,0.0011140866965055466,61.57,0.004405859613418579,0.002
274,91.96,0.001113458000123501,56.98,0.004816104519367218,0.002
275,92.04,0.001136922849714756,65.49000000000001,0.0044867491126060486,0.002
276,91.86999999999999,0.00113231780230999,50.949999999999996,0.005261120891571045,0.002
277,91.9,0.0011134974658489228,66.49000000000001,0.004100793200731277,0.002
278,91.83,0.001124143296480179,68.4,0.003996939742565155,0.002
279,91.89,0.0011133695125579834,64.95,0.0042113650858402255,0.002
280,91.89,0.0011327456936240197,68.16,0.0038796233355998994,0.002
281,91.43,0.0011588660016655923,73.2,0.003441564977169037,0.002
282,91.74,0.0011219888955354691,69.41000000000001,0.003879862517118454,0.002
283,91.92,0.0011102554008364678,63.85999999999999,0.004265525197982788,0.002
284,91.64999999999999,0.0011462652087211608,62.9,0.004254710847139359,0.002
285,91.94,0.0011186555951833725,64.07000000000001,0.004257743239402771,0.002
286,92.05,0.0010963127329945564,67.97999999999999,0.00385737846493721,0.002
287,91.97999999999999,0.0011212662890553475,61.88,0.004557241201400757,0.002
288,91.75999999999999,0.0011377063244581223,63.1,0.004428035151958465,0.002
289,91.96,0.0011082345962524413,64.47,0.0043832474172115325,0.002
290,91.82000000000001,0.0011332841783761977,47.49,0.005753879809379578,0.002
291,91.7,0.0011365938186645508,65.7,0.0041402958393096925,0.002
292,91.77,0.0011286950677633285,65.11,0.004305899608135224,0.002
293,91.72,0.0011224102050065995,72.11,0.003565482157468796,0.002
294,91.84,0.0011083621144294738,68.89,0.003882890945672989,0.002
295,91.81,0.001136861838400364,65.8,0.004549619668722153,0.002
296,91.97999999999999,0.0011039436548948287,65.38000000000001,0.004182721757888794,0.002
297,91.88,0.0011185031414031983,66.74,0.004178705829381943,0.002
298,91.75,0.0011302300050854684,60.6,0.004740266108512878,0.002
299,91.94,0.0011206295102834701,64.66,0.004320189911127091,0.002
300,91.92,0.0011247839346528053,64.38000000000001,0.004619222146272659,0.002
301,92.08,0.0011128891572356225,64.49000000000001,0.004528344875574112,0.002
302,91.81,0.0011308293417096138,66.09,0.004366357743740082,0.002
303,91.46,0.0011831127837300301,52.959999999999994,0.00583385237455368,0.002
304,91.88,0.0011273568481206895,57.68,0.0053388372778892515,0.002
305,92.04,0.0010998480245471,54.790000000000006,0.005393993175029754,0.002
306,91.75,0.0011322688966989517,60.72,0.005132741701602936,0.002
307,91.95,0.0011067804038524627,59.31999999999999,0.005109540224075317,0.002
308,91.99000000000001,0.0010937640726566315,56.269999999999996,0.0052696229815483095,0.002
309,91.75,0.0011164183750748634,58.69,0.005123237991333008,0.002
310,92.14,0.001092209678888321,50.55,0.005663084244728088,0.002
311,91.83,0.0011248262897133826,59.019999999999996,0.00514674700498581,0.002
312,91.8,0.0011376942172646523,34.65,0.007341112291812897,0.002
313,91.85,0.0011258743837475776,55.78999999999999,0.005555877196788788,0.002
314,90.89,0.0012384917750954628,12.98,0.01030781009197235,0.002
315,91.85,0.0011403043895959854,55.19,0.006183268940448761,0.002
316,91.85,0.0011347821563482284,57.68,0.005188113796710968,0.002
317,91.97999999999999,0.0011051098480820657,52.449999999999996,0.005688786637783051,0.002
318,91.75,0.0011274139627814293,53.6,0.005547916281223297,0.002
319,91.92,0.0011272366151213646,54.2,0.006147342026233673,0.002
320,91.67,0.0011325828462839126,47.02,0.006135932850837708,0.002
321,92.05,0.0011066520065069199,57.220000000000006,0.005291458797454834,0.002
322,92.0,0.0011119274839758873,53.339999999999996,0.00560614846944809,0.002
323,91.88,0.0011191855922341348,54.92,0.0054453204870224,0.002
324,92.16,0.0010979835644364356,53.849999999999994,0.005531158053874969,0.002
325,91.96,0.0011469230368733405,51.39,0.0058961633920669556,0.002
326,91.69,0.0011341899126768112,57.08,0.005932098722457885,0.002
327,92.0,0.0011151150703430175,52.05,0.005492459464073181,0.002
328,91.75999999999999,0.0011487699255347253,59.85,0.0051551025986671445,0.002
329,91.85,0.0011169280096888542,55.32,0.005761180686950683,0.002
330,91.8,0.0011193948164582251,51.06,0.005785291719436645,0.002
331,91.92,0.001103690941631794,50.36000000000001,0.005834487116336822,0.002
332,91.85,0.001111819939315319,55.7,0.005418721079826355,0.002
333,91.72,0.0011257637143135071,37.169999999999995,0.007197888946533203,0.002
334,91.77,0.0011173117205500603,55.58,0.005632656919956207,0.002
335,91.9,0.0011035707369446755,56.89999999999999,0.005479937744140625,0.002
336,91.67,0.001159471172094345,34.760000000000005,0.007308545529842377,0.002
337,91.89,0.0011214708358049392,47.510000000000005,0.0062685404300689695,0.002
338,91.7,0.0011465186834335327,52.62,0.005790775442123413,0.002
339,92.03,0.0011050425410270692,42.980000000000004,0.006547361278533935,0.002
340,91.86999999999999,0.0011318823352456093,54.230000000000004,0.005722964096069336,0.002
341,91.97999999999999,0.0011242457196116446,55.779999999999994,0.005828683376312256,0.002
342,91.88,0.0011405032396316528,36.64,0.007257633244991303,0.002
343,92.10000000000001,0.001119563315808773,55.35,0.006102829110622406,0.002
344,91.86999999999999,0.0011217583194375038,56.92,0.005110247111320495,0.002
345,92.02,0.001106049831211567,44.78,0.006476220393180847,0.002
346,91.88,0.0011130382880568505,55.78999999999999,0.00541703292131424,0.002
347,91.93,0.0011429129377007485,43.35,0.00679739009141922,0.002
348,92.04,0.0011070857539772988,49.44,0.005938585817813874,0.002
349,92.02,0.0011065637424588204,53.04,0.0059899084687232975,0.002
350,92.07,0.0011182941198349,52.690000000000005,0.0057667577862739565,0.002
351,92.06,0.0011311086133122443,54.42,0.006055831491947174,0.002
352,91.92,0.0011378692805767059,53.59,0.006001688385009765,0.002
353,91.96,0.0011262536123394966,52.53,0.005834327721595764,0.002
354,92.14,0.001109308561682701,55.38999999999999,0.005801813125610351,0.002
355,91.93,0.0011220146492123605,53.09,0.005859881842136383,0.002
356,92.07,0.0011032311767339706,55.720000000000006,0.00547362333536148,0.002
357,91.96,0.001128292030096054,53.05,0.005904729402065277,0.002
358,91.9,0.001132508046925068,50.18,0.006083686745166779,0.002
359,92.06,0.0011077022418379784,54.09,0.006108539974689483,0.002
360,91.94,0.0011372572615742683,52.31,0.005963542819023132,0.002
361,91.91,0.001146534188091755,51.51,0.006491095089912415,0.002
362,92.12,0.001094095480442047,48.84,0.006057601702213288,0.002
363,91.78,0.0011580719485878945,53.13,0.006467278444766998,0.002
364,91.79,0.001126546087861061,53.05,0.005949706065654755,0.002
365,92.29,0.00111570485830307,52.459999999999994,0.006249735105037689,0.002
366,92.03,0.001127792266011238,52.09,0.00664069048166275,0.002
367,92.05,0.0011065392211079598,51.080000000000005,0.006276624584197998,0.002
368,91.83,0.0011354213088750839,52.88,0.006659005844593048,0.002
369,91.36999999999999,0.0011767460405826568,53.910000000000004,0.005666024684906006,0.002
370,92.17999999999999,0.0011116504967212677,45.019999999999996,0.0066232131242752075,0.002
371,92.16,0.0011094051048159599,51.53,0.006589939975738525,0.002
372,91.71000000000001,0.0011378639444708824,52.88,0.005791355967521668,0.002
373,91.89,0.0011230994135141372,43.51,0.006721902358531952,0.002
374,92.07,0.0011271643936634063,52.31,0.006065308737754822,0.002
375,90.98,0.001226802559196949,48.809999999999995,0.006671952176094055,0.002
376,91.82000000000001,0.001141562493145466,53.11,0.006129762411117554,0.002
377,91.91,0.0011177041336894035,55.120000000000005,0.005811732411384583,0.002
378,92.09,0.001096646761894226,47.28,0.006569534659385681,0.002
379,91.94,0.001111893530189991,49.669999999999995,0.006314787948131562,0.002
380,92.04,0.0010912410870194435,47.160000000000004,0.006367578196525574,0.002
381,92.0,0.0011336202457547188,49.66,0.006924908912181854,0.002
382,92.0,0.0011140327379107475,50.9,0.006459130275249482,0.002
383,91.86999999999999,0.0011348816528916358,50.51,0.006615123438835144,0.002
384,91.71000000000001,0.0011493082121014596,50.73,0.006317161226272583,0.002
385,91.95,0.0011202091559767723,47.71,0.006682464027404785,0.002
386,91.78,0.00113512052744627,51.11,0.006277175199985504,0.002
387,91.93,0.0011133289456367493,45.050000000000004,0.0066934098601341245,0.002
388,91.78,0.0011409368813037873,30.990000000000002,0.008305798852443695,0.002
389,91.8,0.001136105516552925,42.78,0.006910000801086426,0.002
390,91.95,0.001122713029384613,42.13,0.007164751970767975,0.002
391,91.9,0.0011046505376696586,48.559999999999995,0.00681843923330307,0.002
392,91.88,0.0011221940353512763,33.019999999999996,0.008222763967514039,0.002
393,91.86999999999999,0.0011290936917066575,46.73,0.0069119198203086854,0.002
394,91.99000000000001,0.0011088788077235222,49.47,0.00639733350276947,0.002
395,92.02,0.0010956808000802995,47.61,0.0067524063467979435,0.002
396,91.86999999999999,0.0011296951919794083,41.56,0.007099910032749176,0.002
397,91.8,0.0011230245858430863,46.45,0.006796699404716492,0.002
398,92.05,0.0011158720329403878,52.21,0.006572613346576691,0.002
399,91.94,0.0011124904483556747,48.3,0.006441111779212951,0.002
400,91.62,0.0011745715260505676,51.06,0.006270369863510132,0.002
401,92.14,0.0011020413786172866,44.64,0.006880737698078156,0.002
402,92.02,0.0011103614181280136,47.52,0.006644347584247589,0.002
403,91.75999999999999,0.0011264635086059571,49.63,0.007010374987125397,0.002
404,91.91,0.0011142801269888878,39.73,0.007418103301525116,0.002
405,91.83,0.0011203297600150108,48.74,0.006579166209697724,0.002
406,92.03,0.001101128114759922,50.77,0.006348716425895691,0.002
407,91.75999999999999,0.0011214672282338141,46.35,0.006961792349815369,0.002
408,91.79,0.001139929375052452,41.27,0.007376793503761292,0.002
409,91.81,0.001117619852721691,51.629999999999995,0.006588339698314667,0.002
410,92.03,0.0011334728732705116,38.5,0.007763357996940613,0.002
411,92.09,0.0011162671715021133,47.42,0.007113076031208038,0.002
412,92.01,0.0011129548758268357,42.25,0.007234978020191193,0.002
413,91.99000000000001,0.0011164001390337945,41.08,0.00746801460981369,0.002
414,91.75999999999999,0.001126608622074127,44.440000000000005,0.006764908969402314,0.002
415,91.7,0.0011507933422923089,48.36,0.007428219711780548,0.002
416,92.10000000000001,0.0010868620678782463,48.25,0.0069987305641174315,0.002
417,91.81,0.001133324719965458,45.129999999999995,0.007245784723758698,0.002
418,91.94,0.001119931823015213,43.45,0.007121003615856171,0.002
419,91.97999999999999,0.0011118426695466042,40.300000000000004,0.007533913350105286,0.002
420,91.92,0.001110605226457119,39.96,0.00763884390592575,0.002
421,91.95,0.0011267229557037353,48.24,0.007676988172531128,0.002
422,91.81,0.0011235654905438423,46.129999999999995,0.006770845520496368,0.002
423,91.99000000000001,0.0011111537963151932,44.95,0.006842516851425171,0.002
424,92.0,0.0011276857048273087,45.71,0.008083019995689392,0.002
425,92.02,0.001121927620470524,47.86,0.006916107106208802,0.002
426,91.77,0.0011613699361681937,50.93,0.006654591262340546,0.002
427,92.05,0.0011024754196405412,45.43,0.007810253655910492,0.002
428,91.92,0.0011174712538719177,43.74,0.006969538712501526,0.002
429,92.14,0.0011148135051131248,44.93,0.007146075713634491,0.002
430,91.77,0.0011241272658109665,48.65,0.006929122292995453,0.002
431,92.04,0.0011043469056487083,47.57,0.006789178597927093,0.002
432,91.97999999999999,0.0011162324056029319,43.87,0.007223382699489593,0.002
433,91.85,0.0011110340386629104,49.16,0.007389778077602387,0.002
434,91.83,0.0011203285694122314,49.559999999999995,0.006432516646385193,0.002
435,92.16,0.00109070153683424,40.910000000000004,0.007507359755039215,0.002
436,92.01,0.0010982369109988213,47.58,0.007561920166015625,0.002
437,92.08,0.0011055192649364472,45.32,0.0071981015205383305,0.002
438,91.8,0.001115352512896061,49.480000000000004,0.006970876157283783,0.002
439,91.78,0.0011347199469804764,48.96,0.007463556349277496,0.002
440,91.84,0.0011425891935825348,49.76,0.006557028138637543,0.002
441,91.78,0.0011407983258366584,46.400000000000006,0.007523218369483948,0.002
442,91.79,0.0011287654131650925,36.46,0.008344857835769654,0.002
443,92.01,0.0010964781850576401,45.2,0.007271806514263153,0.002
444,91.75999999999999,0.0011418944492936135,27.400000000000002,0.009268437337875366,0.002
445,92.09,0.001126256300508976,43.15,0.007822337055206298,0.002
446,92.03,0.0011079569771885872,41.97,0.007656994271278381,0.002
447,91.94,0.0011129883334040642,42.79,0.007990471804141999,0.002
448,92.06,0.001113414016366005,44.330000000000005,0.007529426455497742,0.002
449,91.96,0.0011173198640346527,41.28,0.009199747800827026,0.002
450,91.92,0.001125693790614605,41.160000000000004,0.008007927858829499,0.002
451,91.77,0.0011270294278860093,45.96,0.007926402080059052,0.002
452,91.83,0.0011198395520448684,41.28,0.007674162220954895,0.002
453,91.97,0.00112222468405962,36.86,0.008004218101501466,0.002
454,91.97999999999999,0.0011057518243789673,43.86,0.008076594316959382,0.002
455,91.8,0.001140602843463421,42.13,0.009187909638881683,0.002
456,92.11,0.0011084990099072456,39.48,0.007835445153713226,0.002
457,91.84,0.0011072167575359344,40.03,0.007881435883045197,0.002
458,92.08,0.0011280850067734718,42.05,0.008295067155361175,0.002
459,91.86,0.0011015231758356094,41.85,0.007879274165630341,0.002
460,91.88,0.0011340095177292825,43.47,0.008830057513713836,0.002
461,91.96,0.0011042857840657234,43.94,0.007779622805118561,0.002
462,92.04,0.0011083016633987427,44.36,0.007860803186893464,0.002
463,92.0,0.0011023262307047843,43.309999999999995,0.0074931030035018924,0.002
464,91.75999999999999,0.0011259929284453392,43.29,0.008514696323871612,0.002
465,91.78,0.001137049789726734,44.49,0.007887203252315522,0.002
466,92.06,0.0011130558714270591,36.66,0.007931439566612243,0.002
467,91.97,0.0011325888782739639,33.22,0.00872739987373352,0.002
468,92.03,0.0011230847775936127,39.81,0.009384452056884766,0.002
469,91.82000000000001,0.0011469491928815842,43.02,0.0077373562932014465,0.002
470,91.92,0.0011208367586135865,36.01,0.008194529712200164,0.002
471,91.9,0.0011197783544659615,43.43,0.007660503816604615,0.002
472,92.09,0.0011221402063965797,48.28,0.007334793674945831,0.002
473,91.8,0.001140139639377594,36.08,0.008079163050651551,0.002
474,91.97,0.0011248052686452866,41.120000000000005,0.007765249848365784,0.002
475,91.96,0.001138119888305664,47.68,0.007234286689758301,0.002
476,92.08,0.0011147404089570045,42.35,0.007558379065990448,0.002
477,91.97,0.0011063693076372146,45.06,0.007584470462799072,0.002
478,92.14,0.0011188055828213691,39.08,0.007956955683231353,0.002
479,92.01,0.001111578869819641,37.980000000000004,0.008013921499252319,0.002
480,92.02,0.0011229215145111084,33.48,0.008729282593727112,0.002
481,92.05,0.0011260909378528596,38.05,0.008452280104160308,0.002
482,92.09,0.001133338539302349,30.009999999999998,0.009099295496940612,0.002
483,91.74,0.00114417232722044,40.38,0.008061018288135529,0.002
484,91.89,0.0011455202907323838,37.92,0.0081134530544281,0.002
485,91.96,0.0011378726661205292,29.93,0.009201596117019654,0.002
486,92.03,0.0011237541183829307,38.6,0.008225500547885895,0.002
487,91.92,0.001123157425224781,36.27,0.00856032361984253,0.002
488,92.11,0.0011225466698408127,33.29,0.0087729825258255,0.002
489,91.81,0.0011457035273313523,40.949999999999996,0.0088481991648674,0.002
490,92.0,0.001123242436349392,35.339999999999996,0.008681965517997742,0.002
491,92.01,0.0011237052500247956,43.480000000000004,0.00824712905883789,0.002
492,91.85,0.001132182937860489,39.09,0.008301038694381714,0.002
493,91.99000000000001,0.0011271091043949127,39.08,0.008051070785522462,0.002
494,92.07,0.001123902803659439,36.94,0.009610020351409912,0.002
495,92.01,0.001150251767039299,39.5,0.008293871021270752,0.002
496,91.96,0.0011215167284011841,32.65,0.0091778555393219,0.002
497,92.03,0.0011279680892825126,36.199999999999996,0.008859706568717957,0.002
498,91.86,0.0011390920981764793,40.73,0.009096243464946746,0.002
499,91.97,0.0011276337444782257,33.489999999999995,0.008717724084854127,0.002
500,92.02,0.0011262289375066758,29.49,0.009335043549537658,0.002
