epoch,method,status,initial_participants,final_selected,rejected,num_initial,num_final,stage_names,pkl_path
1,rflbat,success,"[3, 71, 32, 58, 4, 24, 62, 67, 43, 29]","[71, 32, 58, 24, 62, 67, 43, 29]","[3, 4]",10,8,"[""rflbat_first_distance_filter"", ""rflbat_cluster_filter"", ""rflbat_final_distance_filter""]",../main/re_result_6-29_APRA/cifar10_500_Jul.01_09.59.00_rflbat_fix_True_no-mia_no-mia-class_no-noise_sin-adv_DOBA/agg_records/pkl/round_0001_rflbat.pkl
2,rflbat,success,"[0, 30, 57, 86, 66, 85, 54, 99, 23, 53]","[30, 57, 86, 66, 85, 54, 99, 23, 53]",[0],10,9,"[""rflbat_first_distance_filter"", ""rflbat_cluster_filter"", ""rflbat_final_distance_filter""]",../main/re_result_6-29_APRA/cifar10_500_Jul.01_09.59.00_rflbat_fix_True_no-mia_no-mia-class_no-noise_sin-adv_DOBA/agg_records/pkl/round_0002_rflbat.pkl
3,rflbat,success,"[2, 39, 9, 63, 48, 35, 87, 5, 13, 50]","[39, 9, 63, 48, 35, 87, 5, 13, 50]",[2],10,9,"[""rflbat_first_distance_filter"", ""rflbat_cluster_filter"", ""rflbat_final_distance_filter""]",../main/re_result_6-29_APRA/cifar10_500_Jul.01_09.59.00_rflbat_fix_True_no-mia_no-mia-class_no-noise_sin-adv_DOBA/agg_records/pkl/round_0003_rflbat.pkl
4,rflbat,success,"[1, 98, 26, 62, 6, 55, 78, 43, 84, 14]","[98, 26, 62, 6, 55, 78, 43, 84, 14]",[1],10,9,"[""rflbat_first_distance_filter"", ""rflbat_cluster_filter"", ""rflbat_final_distance_filter""]",../main/re_result_6-29_APRA/cifar10_500_Jul.01_09.59.00_rflbat_fix_True_no-mia_no-mia-class_no-noise_sin-adv_DOBA/agg_records/pkl/round_0004_rflbat.pkl
5,rflbat,success,"[1, 93, 34, 19, 5, 40, 81, 43, 63, 67]","[93, 34, 19, 5, 40, 81, 43, 63, 67]",[1],10,9,"[""rflbat_first_distance_filter"", ""rflbat_cluster_filter"", ""rflbat_final_distance_filter""]",../main/re_result_6-29_APRA/cifar10_500_Jul.01_09.59.00_rflbat_fix_True_no-mia_no-mia-class_no-noise_sin-adv_DOBA/agg_records/pkl/round_0005_rflbat.pkl
6,rflbat,success,"[2, 38, 3, 97, 19, 60, 57, 50, 8, 15]","[38, 97, 19, 60, 57, 50, 15]","[2, 3, 8]",10,7,"[""rflbat_first_distance_filter"", ""rflbat_cluster_filter"", ""rflbat_final_distance_filter""]",../main/re_result_6-29_APRA/cifar10_500_Jul.01_09.59.00_rflbat_fix_True_no-mia_no-mia-class_no-noise_sin-adv_DOBA/agg_records/pkl/round_0006_rflbat.pkl
7,rflbat,success,"[3, 80, 92, 36, 93, 14, 37, 68, 67, 15]","[80, 92, 36, 93, 14, 37, 68, 67, 15]",[3],10,9,"[""rflbat_first_distance_filter"", ""rflbat_cluster_filter"", ""rflbat_final_distance_filter""]",../main/re_result_6-29_APRA/cifar10_500_Jul.01_09.59.00_rflbat_fix_True_no-mia_no-mia-class_no-noise_sin-adv_DOBA/agg_records/pkl/round_0007_rflbat.pkl
8,rflbat,success,"[1, 39, 33, 92, 44, 95, 61, 42, 84, 78]","[39, 33, 92, 44, 95, 61, 42, 84, 78]",[1],10,9,"[""rflbat_first_distance_filter"", ""rflbat_cluster_filter"", ""rflbat_final_distance_filter""]",../main/re_result_6-29_APRA/cifar10_500_Jul.01_09.59.00_rflbat_fix_True_no-mia_no-mia-class_no-noise_sin-adv_DOBA/agg_records/pkl/round_0008_rflbat.pkl
9,rflbat,success,"[2, 91, 18, 4, 6, 85, 82, 45, 7, 24]","[91, 18, 6, 85, 82, 45, 7, 24]","[2, 4]",10,8,"[""rflbat_first_distance_filter"", ""rflbat_cluster_filter"", ""rflbat_final_distance_filter""]",../main/re_result_6-29_APRA/cifar10_500_Jul.01_09.59.00_rflbat_fix_True_no-mia_no-mia-class_no-noise_sin-adv_DOBA/agg_records/pkl/round_0009_rflbat.pkl
10,rflbat,success,"[0, 50, 35, 20, 96, 84, 68, 21, 29, 47]","[50, 35, 20, 96, 84, 68, 21, 29, 47]",[0],10,9,"[""rflbat_first_distance_filter"", ""rflbat_cluster_filter"", ""rflbat_final_distance_filter""]",../main/re_result_6-29_APRA/cifar10_500_Jul.01_09.59.00_rflbat_fix_True_no-mia_no-mia-class_no-noise_sin-adv_DOBA/agg_records/pkl/round_0010_rflbat.pkl
11,rflbat,success,"[4, 79, 55, 80, 75, 40, 51, 48, 20, 14]","[79, 55, 80, 75, 40, 51, 48, 20, 14]",[4],10,9,"[""rflbat_first_distance_filter"", ""rflbat_cluster_filter"", ""rflbat_final_distance_filter""]",../main/re_result_6-29_APRA/cifar10_500_Jul.01_09.59.00_rflbat_fix_True_no-mia_no-mia-class_no-noise_sin-adv_DOBA/agg_records/pkl/round_0011_rflbat.pkl
12,rflbat,success,"[4, 97, 5, 42, 59, 69, 28, 98, 33, 12]","[97, 5, 42, 59, 69, 28, 98, 33, 12]",[4],10,9,"[""rflbat_first_distance_filter"", ""rflbat_cluster_filter"", ""rflbat_final_distance_filter""]",../main/re_result_6-29_APRA/cifar10_500_Jul.01_09.59.00_rflbat_fix_True_no-mia_no-mia-class_no-noise_sin-adv_DOBA/agg_records/pkl/round_0012_rflbat.pkl
13,rflbat,success,"[4, 68, 1, 25, 34, 33, 7, 44, 69, 46]","[25, 69, 46]","[4, 68, 1, 34, 33, 7, 44]",10,3,"[""rflbat_first_distance_filter"", ""rflbat_cluster_filter"", ""rflbat_final_distance_filter""]",../main/re_result_6-29_APRA/cifar10_500_Jul.01_09.59.00_rflbat_fix_True_no-mia_no-mia-class_no-noise_sin-adv_DOBA/agg_records/pkl/round_0013_rflbat.pkl
14,rflbat,success,"[3, 72, 24, 35, 19, 32, 80, 82, 77, 61]","[72, 24, 35, 19, 32, 80, 82, 77, 61]",[3],10,9,"[""rflbat_first_distance_filter"", ""rflbat_cluster_filter"", ""rflbat_final_distance_filter""]",../main/re_result_6-29_APRA/cifar10_500_Jul.01_09.59.00_rflbat_fix_True_no-mia_no-mia-class_no-noise_sin-adv_DOBA/agg_records/pkl/round_0014_rflbat.pkl
15,rflbat,success,"[4, 9, 95, 37, 44, 59, 66, 48, 80, 90]","[9, 95, 37, 44, 59, 66, 48, 80, 90]",[4],10,9,"[""rflbat_first_distance_filter"", ""rflbat_cluster_filter"", ""rflbat_final_distance_filter""]",../main/re_result_6-29_APRA/cifar10_500_Jul.01_09.59.00_rflbat_fix_True_no-mia_no-mia-class_no-noise_sin-adv_DOBA/agg_records/pkl/round_0015_rflbat.pkl
16,rflbat,success,"[1, 8, 79, 78, 88, 26, 43, 21, 47, 10]","[8, 79, 78, 88, 26, 43, 21, 47, 10]",[1],10,9,"[""rflbat_first_distance_filter"", ""rflbat_cluster_filter"", ""rflbat_final_distance_filter""]",../main/re_result_6-29_APRA/cifar10_500_Jul.01_09.59.00_rflbat_fix_True_no-mia_no-mia-class_no-noise_sin-adv_DOBA/agg_records/pkl/round_0016_rflbat.pkl
17,rflbat,success,"[4, 17, 5, 45, 9, 8, 25, 33, 89, 10]","[17, 5, 45, 9, 8, 25, 33, 89, 10]",[4],10,9,"[""rflbat_first_distance_filter"", ""rflbat_cluster_filter"", ""rflbat_final_distance_filter""]",../main/re_result_6-29_APRA/cifar10_500_Jul.01_09.59.00_rflbat_fix_True_no-mia_no-mia-class_no-noise_sin-adv_DOBA/agg_records/pkl/round_0017_rflbat.pkl
18,rflbat,success,"[4, 16, 3, 5, 10, 96, 48, 40, 59, 47]","[4, 16, 3, 5, 10, 96, 48, 40, 59, 47]",[],10,10,"[""rflbat_first_distance_filter"", ""rflbat_cluster_filter"", ""rflbat_final_distance_filter""]",../main/re_result_6-29_APRA/cifar10_500_Jul.01_09.59.00_rflbat_fix_True_no-mia_no-mia-class_no-noise_sin-adv_DOBA/agg_records/pkl/round_0018_rflbat.pkl
19,rflbat,success,"[2, 83, 76, 70, 10, 14, 82, 34, 48, 63]","[83, 76, 70, 10, 14, 82, 34, 48, 63]",[2],10,9,"[""rflbat_first_distance_filter"", ""rflbat_cluster_filter"", ""rflbat_final_distance_filter""]",../main/re_result_6-29_APRA/cifar10_500_Jul.01_09.59.00_rflbat_fix_True_no-mia_no-mia-class_no-noise_sin-adv_DOBA/agg_records/pkl/round_0019_rflbat.pkl
20,rflbat,success,"[1, 81, 28, 39, 88, 92, 16, 79, 5, 12]","[1, 81, 28, 39, 88, 92, 16, 79, 5, 12]",[],10,10,"[""rflbat_first_distance_filter"", ""rflbat_cluster_filter"", ""rflbat_final_distance_filter""]",../main/re_result_6-29_APRA/cifar10_500_Jul.01_09.59.00_rflbat_fix_True_no-mia_no-mia-class_no-noise_sin-adv_DOBA/agg_records/pkl/round_0020_rflbat.pkl
21,rflbat,success,"[4, 19, 39, 24, 49, 17, 66, 11, 9, 42]","[19, 39, 24, 49, 17, 66, 11, 9, 42]",[4],10,9,"[""rflbat_first_distance_filter"", ""rflbat_cluster_filter"", ""rflbat_final_distance_filter""]",../main/re_result_6-29_APRA/cifar10_500_Jul.01_09.59.00_rflbat_fix_True_no-mia_no-mia-class_no-noise_sin-adv_DOBA/agg_records/pkl/round_0021_rflbat.pkl
22,rflbat,success,"[0, 41, 83, 69, 8, 72, 19, 26, 4, 52]","[41, 83, 69, 8, 72, 19, 26, 4, 52]",[0],10,9,"[""rflbat_first_distance_filter"", ""rflbat_cluster_filter"", ""rflbat_final_distance_filter""]",../main/re_result_6-29_APRA/cifar10_500_Jul.01_09.59.00_rflbat_fix_True_no-mia_no-mia-class_no-noise_sin-adv_DOBA/agg_records/pkl/round_0022_rflbat.pkl
23,rflbat,success,"[4, 78, 92, 25, 12, 76, 24, 52, 89, 40]","[78, 92, 25, 12, 76, 24, 52, 89, 40]",[4],10,9,"[""rflbat_first_distance_filter"", ""rflbat_cluster_filter"", ""rflbat_final_distance_filter""]",../main/re_result_6-29_APRA/cifar10_500_Jul.01_09.59.00_rflbat_fix_True_no-mia_no-mia-class_no-noise_sin-adv_DOBA/agg_records/pkl/round_0023_rflbat.pkl
24,rflbat,success,"[3, 6, 98, 54, 77, 5, 71, 59, 84, 15]","[6, 98, 77, 5, 59, 84, 15]","[3, 54, 71]",10,7,"[""rflbat_first_distance_filter"", ""rflbat_cluster_filter"", ""rflbat_final_distance_filter""]",../main/re_result_6-29_APRA/cifar10_500_Jul.01_09.59.00_rflbat_fix_True_no-mia_no-mia-class_no-noise_sin-adv_DOBA/agg_records/pkl/round_0024_rflbat.pkl
25,rflbat,success,"[0, 33, 3, 97, 25, 99, 42, 35, 84, 34]","[33, 97, 99, 42, 35, 84, 34]","[0, 3, 25]",10,7,"[""rflbat_first_distance_filter"", ""rflbat_cluster_filter"", ""rflbat_final_distance_filter""]",../main/re_result_6-29_APRA/cifar10_500_Jul.01_09.59.00_rflbat_fix_True_no-mia_no-mia-class_no-noise_sin-adv_DOBA/agg_records/pkl/round_0025_rflbat.pkl
26,rflbat,success,"[4, 38, 66, 10, 58, 59, 33, 43, 41, 68]","[38, 66, 10, 58, 59, 33, 43, 41, 68]",[4],10,9,"[""rflbat_first_distance_filter"", ""rflbat_cluster_filter"", ""rflbat_final_distance_filter""]",../main/re_result_6-29_APRA/cifar10_500_Jul.01_09.59.00_rflbat_fix_True_no-mia_no-mia-class_no-noise_sin-adv_DOBA/agg_records/pkl/round_0026_rflbat.pkl
27,rflbat,success,"[0, 89, 21, 47, 20, 72, 35, 29, 15, 73]","[89, 21, 47, 20, 72, 35, 29, 15, 73]",[0],10,9,"[""rflbat_first_distance_filter"", ""rflbat_cluster_filter"", ""rflbat_final_distance_filter""]",../main/re_result_6-29_APRA/cifar10_500_Jul.01_09.59.00_rflbat_fix_True_no-mia_no-mia-class_no-noise_sin-adv_DOBA/agg_records/pkl/round_0027_rflbat.pkl
28,rflbat,success,"[0, 41, 83, 55, 18, 44, 6, 49, 71, 25]","[41, 83, 55, 18, 44, 6, 49, 71, 25]",[0],10,9,"[""rflbat_first_distance_filter"", ""rflbat_cluster_filter"", ""rflbat_final_distance_filter""]",../main/re_result_6-29_APRA/cifar10_500_Jul.01_09.59.00_rflbat_fix_True_no-mia_no-mia-class_no-noise_sin-adv_DOBA/agg_records/pkl/round_0028_rflbat.pkl
29,rflbat,success,"[3, 62, 44, 68, 66, 58, 16, 37, 30, 89]","[62, 44, 68, 66, 58, 16, 37, 30, 89]",[3],10,9,"[""rflbat_first_distance_filter"", ""rflbat_cluster_filter"", ""rflbat_final_distance_filter""]",../main/re_result_6-29_APRA/cifar10_500_Jul.01_09.59.00_rflbat_fix_True_no-mia_no-mia-class_no-noise_sin-adv_DOBA/agg_records/pkl/round_0029_rflbat.pkl
30,rflbat,success,"[3, 99, 4, 12, 64, 79, 40, 32, 34, 29]","[64, 79, 34, 29]","[3, 99, 4, 12, 40, 32]",10,4,"[""rflbat_first_distance_filter"", ""rflbat_cluster_filter"", ""rflbat_final_distance_filter""]",../main/re_result_6-29_APRA/cifar10_500_Jul.01_09.59.00_rflbat_fix_True_no-mia_no-mia-class_no-noise_sin-adv_DOBA/agg_records/pkl/round_0030_rflbat.pkl
31,rflbat,success,"[2, 26, 79, 14, 28, 24, 52, 10, 37, 47]","[26, 79, 14, 28, 24, 52, 10, 37, 47]",[2],10,9,"[""rflbat_first_distance_filter"", ""rflbat_cluster_filter"", ""rflbat_final_distance_filter""]",../main/re_result_6-29_APRA/cifar10_500_Jul.01_09.59.00_rflbat_fix_True_no-mia_no-mia-class_no-noise_sin-adv_DOBA/agg_records/pkl/round_0031_rflbat.pkl
32,rflbat,success,"[3, 81, 83, 18, 79, 10, 32, 15, 94, 6]","[81, 83, 18, 79, 10, 32, 15, 94, 6]",[3],10,9,"[""rflbat_first_distance_filter"", ""rflbat_cluster_filter"", ""rflbat_final_distance_filter""]",../main/re_result_6-29_APRA/cifar10_500_Jul.01_09.59.00_rflbat_fix_True_no-mia_no-mia-class_no-noise_sin-adv_DOBA/agg_records/pkl/round_0032_rflbat.pkl
33,rflbat,success,"[2, 68, 69, 85, 40, 96, 88, 53, 55, 3]","[2, 68, 69, 85, 40, 96, 88, 53, 55, 3]",[],10,10,"[""rflbat_first_distance_filter"", ""rflbat_cluster_filter"", ""rflbat_final_distance_filter""]",../main/re_result_6-29_APRA/cifar10_500_Jul.01_09.59.00_rflbat_fix_True_no-mia_no-mia-class_no-noise_sin-adv_DOBA/agg_records/pkl/round_0033_rflbat.pkl
34,rflbat,success,"[1, 16, 82, 92, 8, 24, 27, 9, 5, 31]","[1, 16, 82, 92, 8, 24, 27, 9, 5, 31]",[],10,10,"[""rflbat_first_distance_filter"", ""rflbat_cluster_filter"", ""rflbat_final_distance_filter""]",../main/re_result_6-29_APRA/cifar10_500_Jul.01_09.59.00_rflbat_fix_True_no-mia_no-mia-class_no-noise_sin-adv_DOBA/agg_records/pkl/round_0034_rflbat.pkl
35,rflbat,success,"[3, 5, 95, 25, 51, 90, 16, 62, 73, 17]","[3, 5, 95, 25, 51, 90, 16, 62, 73, 17]",[],10,10,"[""rflbat_first_distance_filter"", ""rflbat_cluster_filter"", ""rflbat_final_distance_filter""]",../main/re_result_6-29_APRA/cifar10_500_Jul.01_09.59.00_rflbat_fix_True_no-mia_no-mia-class_no-noise_sin-adv_DOBA/agg_records/pkl/round_0035_rflbat.pkl
36,rflbat,success,"[2, 87, 66, 21, 58, 24, 1, 3, 56, 88]","[2, 87, 66, 21, 58, 24, 1, 3, 56, 88]",[],10,10,"[""rflbat_first_distance_filter"", ""rflbat_cluster_filter"", ""rflbat_final_distance_filter""]",../main/re_result_6-29_APRA/cifar10_500_Jul.01_09.59.00_rflbat_fix_True_no-mia_no-mia-class_no-noise_sin-adv_DOBA/agg_records/pkl/round_0036_rflbat.pkl
37,rflbat,success,"[2, 5, 8, 92, 3, 48, 53, 13, 52, 14]","[2, 5, 8, 92, 3, 48, 53, 13, 52, 14]",[],10,10,"[""rflbat_first_distance_filter"", ""rflbat_cluster_filter"", ""rflbat_final_distance_filter""]",../main/re_result_6-29_APRA/cifar10_500_Jul.01_09.59.00_rflbat_fix_True_no-mia_no-mia-class_no-noise_sin-adv_DOBA/agg_records/pkl/round_0037_rflbat.pkl
38,rflbat,success,"[0, 42, 39, 55, 90, 25, 77, 73, 78, 70]","[42, 39, 55, 90, 25, 77, 73, 78, 70]",[0],10,9,"[""rflbat_first_distance_filter"", ""rflbat_cluster_filter"", ""rflbat_final_distance_filter""]",../main/re_result_6-29_APRA/cifar10_500_Jul.01_09.59.00_rflbat_fix_True_no-mia_no-mia-class_no-noise_sin-adv_DOBA/agg_records/pkl/round_0038_rflbat.pkl
39,rflbat,success,"[3, 46, 64, 88, 1, 68, 33, 14, 89, 25]","[3, 46, 64, 1, 68, 33, 14, 89, 25]",[88],10,9,"[""rflbat_first_distance_filter"", ""rflbat_cluster_filter"", ""rflbat_final_distance_filter""]",../main/re_result_6-29_APRA/cifar10_500_Jul.01_09.59.00_rflbat_fix_True_no-mia_no-mia-class_no-noise_sin-adv_DOBA/agg_records/pkl/round_0039_rflbat.pkl
40,rflbat,success,"[1, 8, 55, 21, 82, 41, 99, 45, 23, 65]","[1, 8, 55, 21, 82, 41, 99, 45, 23, 65]",[],10,10,"[""rflbat_first_distance_filter"", ""rflbat_cluster_filter"", ""rflbat_final_distance_filter""]",../main/re_result_6-29_APRA/cifar10_500_Jul.01_09.59.00_rflbat_fix_True_no-mia_no-mia-class_no-noise_sin-adv_DOBA/agg_records/pkl/round_0040_rflbat.pkl
41,rflbat,success,"[1, 39, 50, 54, 28, 32, 67, 94, 75, 26]","[1, 39, 50, 54, 28, 32, 67, 94, 75, 26]",[],10,10,"[""rflbat_first_distance_filter"", ""rflbat_cluster_filter"", ""rflbat_final_distance_filter""]",../main/re_result_6-29_APRA/cifar10_500_Jul.01_09.59.00_rflbat_fix_True_no-mia_no-mia-class_no-noise_sin-adv_DOBA/agg_records/pkl/round_0041_rflbat.pkl
42,rflbat,success,"[1, 59, 29, 14, 47, 98, 70, 71, 92, 53]","[1, 59, 29, 14, 47, 98, 70, 71, 92, 53]",[],10,10,"[""rflbat_first_distance_filter"", ""rflbat_cluster_filter"", ""rflbat_final_distance_filter""]",../main/re_result_6-29_APRA/cifar10_500_Jul.01_09.59.00_rflbat_fix_True_no-mia_no-mia-class_no-noise_sin-adv_DOBA/agg_records/pkl/round_0042_rflbat.pkl
43,rflbat,success,"[2, 28, 44, 85, 19, 90, 11, 26, 47, 51]","[28, 44, 85, 19, 90, 11, 47, 51]","[2, 26]",10,8,"[""rflbat_first_distance_filter"", ""rflbat_cluster_filter"", ""rflbat_final_distance_filter""]",../main/re_result_6-29_APRA/cifar10_500_Jul.01_09.59.00_rflbat_fix_True_no-mia_no-mia-class_no-noise_sin-adv_DOBA/agg_records/pkl/round_0043_rflbat.pkl
44,rflbat,success,"[2, 44, 68, 91, 7, 33, 39, 22, 69, 25]","[2, 44, 68, 91, 7, 33, 39, 22, 69, 25]",[],10,10,"[""rflbat_first_distance_filter"", ""rflbat_cluster_filter"", ""rflbat_final_distance_filter""]",../main/re_result_6-29_APRA/cifar10_500_Jul.01_09.59.00_rflbat_fix_True_no-mia_no-mia-class_no-noise_sin-adv_DOBA/agg_records/pkl/round_0044_rflbat.pkl
45,rflbat,success,"[2, 6, 97, 58, 99, 13, 17, 78, 82, 27]","[2, 6, 97, 58, 99, 13, 17, 78, 82, 27]",[],10,10,"[""rflbat_first_distance_filter"", ""rflbat_cluster_filter"", ""rflbat_final_distance_filter""]",../main/re_result_6-29_APRA/cifar10_500_Jul.01_09.59.00_rflbat_fix_True_no-mia_no-mia-class_no-noise_sin-adv_DOBA/agg_records/pkl/round_0045_rflbat.pkl
46,rflbat,success,"[3, 38, 85, 89, 29, 42, 54, 18, 40, 12]","[3, 38, 85, 89, 29, 42, 54, 18, 40, 12]",[],10,10,"[""rflbat_first_distance_filter"", ""rflbat_cluster_filter"", ""rflbat_final_distance_filter""]",../main/re_result_6-29_APRA/cifar10_500_Jul.01_09.59.00_rflbat_fix_True_no-mia_no-mia-class_no-noise_sin-adv_DOBA/agg_records/pkl/round_0046_rflbat.pkl
47,rflbat,success,"[0, 48, 76, 70, 57, 27, 13, 46, 83, 6]","[48, 76, 70, 57, 27, 13, 46, 83, 6]",[0],10,9,"[""rflbat_first_distance_filter"", ""rflbat_cluster_filter"", ""rflbat_final_distance_filter""]",../main/re_result_6-29_APRA/cifar10_500_Jul.01_09.59.00_rflbat_fix_True_no-mia_no-mia-class_no-noise_sin-adv_DOBA/agg_records/pkl/round_0047_rflbat.pkl
48,rflbat,success,"[1, 27, 72, 38, 7, 54, 21, 12, 88, 77]","[1, 27, 72, 38, 7, 54, 21, 12, 88, 77]",[],10,10,"[""rflbat_first_distance_filter"", ""rflbat_cluster_filter"", ""rflbat_final_distance_filter""]",../main/re_result_6-29_APRA/cifar10_500_Jul.01_09.59.00_rflbat_fix_True_no-mia_no-mia-class_no-noise_sin-adv_DOBA/agg_records/pkl/round_0048_rflbat.pkl
49,rflbat,success,"[3, 57, 34, 7, 60, 58, 65, 10, 12, 16]","[3, 57, 34, 7, 60, 58, 65, 10, 12, 16]",[],10,10,"[""rflbat_first_distance_filter"", ""rflbat_cluster_filter"", ""rflbat_final_distance_filter""]",../main/re_result_6-29_APRA/cifar10_500_Jul.01_09.59.00_rflbat_fix_True_no-mia_no-mia-class_no-noise_sin-adv_DOBA/agg_records/pkl/round_0049_rflbat.pkl
50,rflbat,success,"[3, 56, 36, 31, 48, 94, 83, 81, 97, 42]","[3, 56, 36, 31, 48, 94, 83, 81, 97, 42]",[],10,10,"[""rflbat_first_distance_filter"", ""rflbat_cluster_filter"", ""rflbat_final_distance_filter""]",../main/re_result_6-29_APRA/cifar10_500_Jul.01_09.59.00_rflbat_fix_True_no-mia_no-mia-class_no-noise_sin-adv_DOBA/agg_records/pkl/round_0050_rflbat.pkl
51,rflbat,success,"[4, 23, 69, 8, 84, 3, 64, 32, 70, 95]","[4, 23, 69, 8, 84, 3, 64, 32, 70, 95]",[],10,10,"[""rflbat_first_distance_filter"", ""rflbat_cluster_filter"", ""rflbat_final_distance_filter""]",../main/re_result_6-29_APRA/cifar10_500_Jul.01_09.59.00_rflbat_fix_True_no-mia_no-mia-class_no-noise_sin-adv_DOBA/agg_records/pkl/round_0051_rflbat.pkl
52,rflbat,success,"[2, 99, 46, 88, 98, 23, 16, 47, 59, 56]","[2, 99, 46, 88, 98, 23, 16, 47, 59, 56]",[],10,10,"[""rflbat_first_distance_filter"", ""rflbat_cluster_filter"", ""rflbat_final_distance_filter""]",../main/re_result_6-29_APRA/cifar10_500_Jul.01_09.59.00_rflbat_fix_True_no-mia_no-mia-class_no-noise_sin-adv_DOBA/agg_records/pkl/round_0052_rflbat.pkl
53,rflbat,success,"[1, 67, 70, 92, 53, 68, 64, 31, 93, 87]","[1, 67, 70, 92, 53, 64, 31, 93, 87]",[68],10,9,"[""rflbat_first_distance_filter"", ""rflbat_cluster_filter"", ""rflbat_final_distance_filter""]",../main/re_result_6-29_APRA/cifar10_500_Jul.01_09.59.00_rflbat_fix_True_no-mia_no-mia-class_no-noise_sin-adv_DOBA/agg_records/pkl/round_0053_rflbat.pkl
54,rflbat,success,"[4, 8, 13, 41, 47, 91, 34, 33, 18, 20]","[4, 8, 13, 41, 47, 91, 34, 33, 18, 20]",[],10,10,"[""rflbat_first_distance_filter"", ""rflbat_cluster_filter"", ""rflbat_final_distance_filter""]",../main/re_result_6-29_APRA/cifar10_500_Jul.01_09.59.00_rflbat_fix_True_no-mia_no-mia-class_no-noise_sin-adv_DOBA/agg_records/pkl/round_0054_rflbat.pkl
55,rflbat,success,"[0, 43, 3, 92, 52, 85, 12, 99, 74, 77]","[43, 3, 92, 52, 85, 12, 99, 74, 77]",[0],10,9,"[""rflbat_first_distance_filter"", ""rflbat_cluster_filter"", ""rflbat_final_distance_filter""]",../main/re_result_6-29_APRA/cifar10_500_Jul.01_09.59.00_rflbat_fix_True_no-mia_no-mia-class_no-noise_sin-adv_DOBA/agg_records/pkl/round_0055_rflbat.pkl
56,rflbat,success,"[4, 6, 37, 50, 40, 26, 17, 2, 87, 89]","[4, 6, 37, 50, 40, 26, 17, 2, 87, 89]",[],10,10,"[""rflbat_first_distance_filter"", ""rflbat_cluster_filter"", ""rflbat_final_distance_filter""]",../main/re_result_6-29_APRA/cifar10_500_Jul.01_09.59.00_rflbat_fix_True_no-mia_no-mia-class_no-noise_sin-adv_DOBA/agg_records/pkl/round_0056_rflbat.pkl
57,rflbat,success,"[1, 19, 9, 25, 59, 3, 55, 0, 31, 56]","[1, 19, 9, 25, 59, 3, 55, 31, 56]",[0],10,9,"[""rflbat_first_distance_filter"", ""rflbat_cluster_filter"", ""rflbat_final_distance_filter""]",../main/re_result_6-29_APRA/cifar10_500_Jul.01_09.59.00_rflbat_fix_True_no-mia_no-mia-class_no-noise_sin-adv_DOBA/agg_records/pkl/round_0057_rflbat.pkl
58,rflbat,success,"[0, 85, 57, 20, 76, 40, 35, 84, 29, 72]","[85, 57, 20, 76, 40, 35, 84, 29, 72]",[0],10,9,"[""rflbat_first_distance_filter"", ""rflbat_cluster_filter"", ""rflbat_final_distance_filter""]",../main/re_result_6-29_APRA/cifar10_500_Jul.01_09.59.00_rflbat_fix_True_no-mia_no-mia-class_no-noise_sin-adv_DOBA/agg_records/pkl/round_0058_rflbat.pkl
59,rflbat,success,"[2, 57, 65, 72, 32, 69, 85, 19, 0, 31]","[2, 57, 65, 72, 32, 69, 85, 19, 31]",[0],10,9,"[""rflbat_first_distance_filter"", ""rflbat_cluster_filter"", ""rflbat_final_distance_filter""]",../main/re_result_6-29_APRA/cifar10_500_Jul.01_09.59.00_rflbat_fix_True_no-mia_no-mia-class_no-noise_sin-adv_DOBA/agg_records/pkl/round_0059_rflbat.pkl
60,rflbat,success,"[0, 50, 7, 63, 68, 58, 78, 15, 55, 76]","[50, 7, 63, 68, 58, 78, 15, 55, 76]",[0],10,9,"[""rflbat_first_distance_filter"", ""rflbat_cluster_filter"", ""rflbat_final_distance_filter""]",../main/re_result_6-29_APRA/cifar10_500_Jul.01_09.59.00_rflbat_fix_True_no-mia_no-mia-class_no-noise_sin-adv_DOBA/agg_records/pkl/round_0060_rflbat.pkl
61,rflbat,success,"[1, 53, 35, 11, 69, 70, 42, 87, 51, 24]","[1, 53, 35, 11, 69, 70, 42, 87, 51, 24]",[],10,10,"[""rflbat_first_distance_filter"", ""rflbat_cluster_filter"", ""rflbat_final_distance_filter""]",../main/re_result_6-29_APRA/cifar10_500_Jul.01_09.59.00_rflbat_fix_True_no-mia_no-mia-class_no-noise_sin-adv_DOBA/agg_records/pkl/round_0061_rflbat.pkl
62,rflbat,success,"[2, 36, 47, 16, 76, 62, 23, 40, 48, 78]","[2, 36, 47, 16, 76, 62, 23, 40, 48, 78]",[],10,10,"[""rflbat_first_distance_filter"", ""rflbat_cluster_filter"", ""rflbat_final_distance_filter""]",../main/re_result_6-29_APRA/cifar10_500_Jul.01_09.59.00_rflbat_fix_True_no-mia_no-mia-class_no-noise_sin-adv_DOBA/agg_records/pkl/round_0062_rflbat.pkl
63,rflbat,success,"[2, 26, 69, 67, 54, 83, 33, 45, 60, 96]","[2, 69, 67, 54, 83, 33, 45, 60, 96]",[26],10,9,"[""rflbat_first_distance_filter"", ""rflbat_cluster_filter"", ""rflbat_final_distance_filter""]",../main/re_result_6-29_APRA/cifar10_500_Jul.01_09.59.00_rflbat_fix_True_no-mia_no-mia-class_no-noise_sin-adv_DOBA/agg_records/pkl/round_0063_rflbat.pkl
64,rflbat,success,"[4, 92, 24, 26, 34, 59, 9, 58, 39, 23]","[4, 92, 24, 26, 34, 59, 9, 58, 39, 23]",[],10,10,"[""rflbat_first_distance_filter"", ""rflbat_cluster_filter"", ""rflbat_final_distance_filter""]",../main/re_result_6-29_APRA/cifar10_500_Jul.01_09.59.00_rflbat_fix_True_no-mia_no-mia-class_no-noise_sin-adv_DOBA/agg_records/pkl/round_0064_rflbat.pkl
65,rflbat,success,"[2, 72, 69, 79, 28, 64, 86, 52, 19, 84]","[2, 72, 79, 64, 86, 52, 84]","[69, 28, 19]",10,7,"[""rflbat_first_distance_filter"", ""rflbat_cluster_filter"", ""rflbat_final_distance_filter""]",../main/re_result_6-29_APRA/cifar10_500_Jul.01_09.59.00_rflbat_fix_True_no-mia_no-mia-class_no-noise_sin-adv_DOBA/agg_records/pkl/round_0065_rflbat.pkl
66,rflbat,success,"[4, 32, 88, 85, 57, 15, 76, 6, 65, 22]","[4, 32, 85, 57, 15, 76, 6, 65, 22]",[88],10,9,"[""rflbat_first_distance_filter"", ""rflbat_cluster_filter"", ""rflbat_final_distance_filter""]",../main/re_result_6-29_APRA/cifar10_500_Jul.01_09.59.00_rflbat_fix_True_no-mia_no-mia-class_no-noise_sin-adv_DOBA/agg_records/pkl/round_0066_rflbat.pkl
67,rflbat,success,"[1, 46, 53, 49, 70, 72, 92, 66, 99, 91]","[1, 46, 53, 49, 70, 72, 92, 66, 99, 91]",[],10,10,"[""rflbat_first_distance_filter"", ""rflbat_cluster_filter"", ""rflbat_final_distance_filter""]",../main/re_result_6-29_APRA/cifar10_500_Jul.01_09.59.00_rflbat_fix_True_no-mia_no-mia-class_no-noise_sin-adv_DOBA/agg_records/pkl/round_0067_rflbat.pkl
68,rflbat,success,"[0, 94, 39, 35, 87, 56, 88, 27, 30, 81]","[94, 39, 35, 87, 56, 27, 30, 81]","[0, 88]",10,8,"[""rflbat_first_distance_filter"", ""rflbat_cluster_filter"", ""rflbat_final_distance_filter""]",../main/re_result_6-29_APRA/cifar10_500_Jul.01_09.59.00_rflbat_fix_True_no-mia_no-mia-class_no-noise_sin-adv_DOBA/agg_records/pkl/round_0068_rflbat.pkl
69,rflbat,success,"[1, 96, 7, 22, 54, 95, 32, 82, 88, 41]","[1, 96, 7, 22, 54, 95, 32, 82, 88, 41]",[],10,10,"[""rflbat_first_distance_filter"", ""rflbat_cluster_filter"", ""rflbat_final_distance_filter""]",../main/re_result_6-29_APRA/cifar10_500_Jul.01_09.59.00_rflbat_fix_True_no-mia_no-mia-class_no-noise_sin-adv_DOBA/agg_records/pkl/round_0069_rflbat.pkl
70,rflbat,success,"[3, 48, 96, 27, 54, 98, 61, 42, 0, 49]","[3, 48, 96, 27, 54, 98, 61, 42, 49]",[0],10,9,"[""rflbat_first_distance_filter"", ""rflbat_cluster_filter"", ""rflbat_final_distance_filter""]",../main/re_result_6-29_APRA/cifar10_500_Jul.01_09.59.00_rflbat_fix_True_no-mia_no-mia-class_no-noise_sin-adv_DOBA/agg_records/pkl/round_0070_rflbat.pkl
71,rflbat,success,"[3, 17, 99, 89, 46, 64, 52, 39, 37, 55]","[3, 17, 99, 89, 52, 39, 37, 55]","[46, 64]",10,8,"[""rflbat_first_distance_filter"", ""rflbat_cluster_filter"", ""rflbat_final_distance_filter""]",../main/re_result_6-29_APRA/cifar10_500_Jul.01_09.59.00_rflbat_fix_True_no-mia_no-mia-class_no-noise_sin-adv_DOBA/agg_records/pkl/round_0071_rflbat.pkl
72,rflbat,success,"[2, 45, 95, 46, 75, 17, 66, 43, 68, 99]","[2, 45, 95, 46, 75, 17, 66, 43, 68, 99]",[],10,10,"[""rflbat_first_distance_filter"", ""rflbat_cluster_filter"", ""rflbat_final_distance_filter""]",../main/re_result_6-29_APRA/cifar10_500_Jul.01_09.59.00_rflbat_fix_True_no-mia_no-mia-class_no-noise_sin-adv_DOBA/agg_records/pkl/round_0072_rflbat.pkl
73,rflbat,success,"[1, 41, 10, 4, 9, 80, 44, 72, 88, 13]","[1, 41, 10, 4, 9, 80, 44, 72, 88, 13]",[],10,10,"[""rflbat_first_distance_filter"", ""rflbat_cluster_filter"", ""rflbat_final_distance_filter""]",../main/re_result_6-29_APRA/cifar10_500_Jul.01_09.59.00_rflbat_fix_True_no-mia_no-mia-class_no-noise_sin-adv_DOBA/agg_records/pkl/round_0073_rflbat.pkl
74,rflbat,success,"[2, 36, 33, 30, 9, 23, 78, 91, 5, 58]","[2, 36, 33, 30, 9, 23, 78, 91, 5, 58]",[],10,10,"[""rflbat_first_distance_filter"", ""rflbat_cluster_filter"", ""rflbat_final_distance_filter""]",../main/re_result_6-29_APRA/cifar10_500_Jul.01_09.59.00_rflbat_fix_True_no-mia_no-mia-class_no-noise_sin-adv_DOBA/agg_records/pkl/round_0074_rflbat.pkl
75,rflbat,success,"[2, 59, 38, 97, 20, 91, 86, 14, 54, 16]","[2, 59, 38, 97, 20, 91, 86, 14, 16]",[54],10,9,"[""rflbat_first_distance_filter"", ""rflbat_cluster_filter"", ""rflbat_final_distance_filter""]",../main/re_result_6-29_APRA/cifar10_500_Jul.01_09.59.00_rflbat_fix_True_no-mia_no-mia-class_no-noise_sin-adv_DOBA/agg_records/pkl/round_0075_rflbat.pkl
76,rflbat,success,"[4, 43, 36, 57, 98, 38, 95, 16, 66, 62]","[43, 36, 57, 98, 38, 95, 16, 66, 62]",[4],10,9,"[""rflbat_first_distance_filter"", ""rflbat_cluster_filter"", ""rflbat_final_distance_filter""]",../main/re_result_6-29_APRA/cifar10_500_Jul.01_09.59.00_rflbat_fix_True_no-mia_no-mia-class_no-noise_sin-adv_DOBA/agg_records/pkl/round_0076_rflbat.pkl
77,rflbat,success,"[0, 33, 25, 93, 88, 56, 84, 24, 46, 64]","[33, 25, 93, 88, 56, 84, 24, 46, 64]",[0],10,9,"[""rflbat_first_distance_filter"", ""rflbat_cluster_filter"", ""rflbat_final_distance_filter""]",../main/re_result_6-29_APRA/cifar10_500_Jul.01_09.59.00_rflbat_fix_True_no-mia_no-mia-class_no-noise_sin-adv_DOBA/agg_records/pkl/round_0077_rflbat.pkl
78,rflbat,success,"[3, 72, 90, 33, 46, 95, 71, 5, 62, 55]","[3, 72, 90, 33, 46, 95, 71, 5, 62, 55]",[],10,10,"[""rflbat_first_distance_filter"", ""rflbat_cluster_filter"", ""rflbat_final_distance_filter""]",../main/re_result_6-29_APRA/cifar10_500_Jul.01_09.59.00_rflbat_fix_True_no-mia_no-mia-class_no-noise_sin-adv_DOBA/agg_records/pkl/round_0078_rflbat.pkl
79,rflbat,success,"[3, 15, 38, 45, 61, 9, 73, 51, 90, 79]","[3, 15, 38, 45, 61, 9, 73, 51, 90, 79]",[],10,10,"[""rflbat_first_distance_filter"", ""rflbat_cluster_filter"", ""rflbat_final_distance_filter""]",../main/re_result_6-29_APRA/cifar10_500_Jul.01_09.59.00_rflbat_fix_True_no-mia_no-mia-class_no-noise_sin-adv_DOBA/agg_records/pkl/round_0079_rflbat.pkl
80,rflbat,success,"[2, 14, 79, 71, 26, 27, 97, 13, 78, 17]","[2, 14, 79, 71, 26, 27, 97, 13, 78, 17]",[],10,10,"[""rflbat_first_distance_filter"", ""rflbat_cluster_filter"", ""rflbat_final_distance_filter""]",../main/re_result_6-29_APRA/cifar10_500_Jul.01_09.59.00_rflbat_fix_True_no-mia_no-mia-class_no-noise_sin-adv_DOBA/agg_records/pkl/round_0080_rflbat.pkl
81,rflbat,success,"[3, 30, 62, 93, 34, 46, 23, 2, 97, 63]","[3, 30, 62, 93, 34, 46, 23, 2, 97, 63]",[],10,10,"[""rflbat_first_distance_filter"", ""rflbat_cluster_filter"", ""rflbat_final_distance_filter""]",../main/re_result_6-29_APRA/cifar10_500_Jul.01_09.59.00_rflbat_fix_True_no-mia_no-mia-class_no-noise_sin-adv_DOBA/agg_records/pkl/round_0081_rflbat.pkl
82,rflbat,success,"[1, 62, 69, 63, 39, 93, 98, 99, 46, 43]","[1, 62, 69, 63, 39, 93, 98, 99, 46, 43]",[],10,10,"[""rflbat_first_distance_filter"", ""rflbat_cluster_filter"", ""rflbat_final_distance_filter""]",../main/re_result_6-29_APRA/cifar10_500_Jul.01_09.59.00_rflbat_fix_True_no-mia_no-mia-class_no-noise_sin-adv_DOBA/agg_records/pkl/round_0082_rflbat.pkl
83,rflbat,success,"[2, 65, 13, 68, 82, 66, 44, 29, 49, 91]","[2, 65, 13, 68, 82, 66, 44, 29, 49, 91]",[],10,10,"[""rflbat_first_distance_filter"", ""rflbat_cluster_filter"", ""rflbat_final_distance_filter""]",../main/re_result_6-29_APRA/cifar10_500_Jul.01_09.59.00_rflbat_fix_True_no-mia_no-mia-class_no-noise_sin-adv_DOBA/agg_records/pkl/round_0083_rflbat.pkl
84,rflbat,success,"[1, 63, 6, 15, 20, 61, 88, 22, 53, 39]","[1, 63, 6, 15, 20, 61, 88, 22, 53, 39]",[],10,10,"[""rflbat_first_distance_filter"", ""rflbat_cluster_filter"", ""rflbat_final_distance_filter""]",../main/re_result_6-29_APRA/cifar10_500_Jul.01_09.59.00_rflbat_fix_True_no-mia_no-mia-class_no-noise_sin-adv_DOBA/agg_records/pkl/round_0084_rflbat.pkl
85,rflbat,success,"[0, 31, 23, 81, 51, 90, 83, 21, 3, 5]","[31, 23, 81, 51, 90, 83, 21, 3, 5]",[0],10,9,"[""rflbat_first_distance_filter"", ""rflbat_cluster_filter"", ""rflbat_final_distance_filter""]",../main/re_result_6-29_APRA/cifar10_500_Jul.01_09.59.00_rflbat_fix_True_no-mia_no-mia-class_no-noise_sin-adv_DOBA/agg_records/pkl/round_0085_rflbat.pkl
86,rflbat,success,"[4, 66, 52, 9, 41, 59, 17, 78, 34, 58]","[4, 66, 52, 9, 41, 59, 17, 78, 34, 58]",[],10,10,"[""rflbat_first_distance_filter"", ""rflbat_cluster_filter"", ""rflbat_final_distance_filter""]",../main/re_result_6-29_APRA/cifar10_500_Jul.01_09.59.00_rflbat_fix_True_no-mia_no-mia-class_no-noise_sin-adv_DOBA/agg_records/pkl/round_0086_rflbat.pkl
87,rflbat,success,"[0, 44, 68, 57, 83, 17, 35, 66, 71, 63]","[44, 68, 57, 83, 17, 35, 66, 71, 63]",[0],10,9,"[""rflbat_first_distance_filter"", ""rflbat_cluster_filter"", ""rflbat_final_distance_filter""]",../main/re_result_6-29_APRA/cifar10_500_Jul.01_09.59.00_rflbat_fix_True_no-mia_no-mia-class_no-noise_sin-adv_DOBA/agg_records/pkl/round_0087_rflbat.pkl
88,rflbat,success,"[1, 13, 91, 2, 81, 20, 24, 88, 41, 18]","[1, 13, 91, 2, 81, 20, 24, 88, 41, 18]",[],10,10,"[""rflbat_first_distance_filter"", ""rflbat_cluster_filter"", ""rflbat_final_distance_filter""]",../main/re_result_6-29_APRA/cifar10_500_Jul.01_09.59.00_rflbat_fix_True_no-mia_no-mia-class_no-noise_sin-adv_DOBA/agg_records/pkl/round_0088_rflbat.pkl
89,rflbat,success,"[3, 27, 78, 39, 84, 17, 40, 68, 48, 9]","[3, 27, 78, 39, 84, 17, 40, 68, 48, 9]",[],10,10,"[""rflbat_first_distance_filter"", ""rflbat_cluster_filter"", ""rflbat_final_distance_filter""]",../main/re_result_6-29_APRA/cifar10_500_Jul.01_09.59.00_rflbat_fix_True_no-mia_no-mia-class_no-noise_sin-adv_DOBA/agg_records/pkl/round_0089_rflbat.pkl
90,rflbat,success,"[0, 89, 48, 47, 6, 55, 45, 27, 69, 37]","[89, 48, 47, 6, 55, 45, 27, 69, 37]",[0],10,9,"[""rflbat_first_distance_filter"", ""rflbat_cluster_filter"", ""rflbat_final_distance_filter""]",../main/re_result_6-29_APRA/cifar10_500_Jul.01_09.59.00_rflbat_fix_True_no-mia_no-mia-class_no-noise_sin-adv_DOBA/agg_records/pkl/round_0090_rflbat.pkl
91,rflbat,success,"[1, 2, 13, 88, 6, 74, 8, 52, 89, 99]","[1, 2, 13, 88, 6, 74, 8, 52, 89, 99]",[],10,10,"[""rflbat_first_distance_filter"", ""rflbat_cluster_filter"", ""rflbat_final_distance_filter""]",../main/re_result_6-29_APRA/cifar10_500_Jul.01_09.59.00_rflbat_fix_True_no-mia_no-mia-class_no-noise_sin-adv_DOBA/agg_records/pkl/round_0091_rflbat.pkl
92,rflbat,success,"[3, 9, 73, 39, 38, 87, 14, 27, 49, 24]","[3, 9, 73, 39, 38, 87, 14, 27, 49, 24]",[],10,10,"[""rflbat_first_distance_filter"", ""rflbat_cluster_filter"", ""rflbat_final_distance_filter""]",../main/re_result_6-29_APRA/cifar10_500_Jul.01_09.59.00_rflbat_fix_True_no-mia_no-mia-class_no-noise_sin-adv_DOBA/agg_records/pkl/round_0092_rflbat.pkl
93,rflbat,success,"[0, 85, 6, 20, 49, 9, 71, 43, 2, 29]","[85, 6, 20, 49, 9, 71, 43, 2, 29]",[0],10,9,"[""rflbat_first_distance_filter"", ""rflbat_cluster_filter"", ""rflbat_final_distance_filter""]",../main/re_result_6-29_APRA/cifar10_500_Jul.01_09.59.00_rflbat_fix_True_no-mia_no-mia-class_no-noise_sin-adv_DOBA/agg_records/pkl/round_0093_rflbat.pkl
94,rflbat,success,"[2, 14, 97, 20, 12, 35, 41, 74, 80, 92]","[2, 14, 97, 20, 12, 35, 41, 74, 80, 92]",[],10,10,"[""rflbat_first_distance_filter"", ""rflbat_cluster_filter"", ""rflbat_final_distance_filter""]",../main/re_result_6-29_APRA/cifar10_500_Jul.01_09.59.00_rflbat_fix_True_no-mia_no-mia-class_no-noise_sin-adv_DOBA/agg_records/pkl/round_0094_rflbat.pkl
95,rflbat,success,"[4, 31, 46, 29, 77, 97, 21, 67, 18, 7]","[4, 31, 46, 29, 77, 97, 21, 67, 18, 7]",[],10,10,"[""rflbat_first_distance_filter"", ""rflbat_cluster_filter"", ""rflbat_final_distance_filter""]",../main/re_result_6-29_APRA/cifar10_500_Jul.01_09.59.00_rflbat_fix_True_no-mia_no-mia-class_no-noise_sin-adv_DOBA/agg_records/pkl/round_0095_rflbat.pkl
96,rflbat,success,"[1, 95, 83, 47, 60, 52, 76, 93, 34, 62]","[1, 95, 83, 47, 60, 52, 76, 93, 34, 62]",[],10,10,"[""rflbat_first_distance_filter"", ""rflbat_cluster_filter"", ""rflbat_final_distance_filter""]",../main/re_result_6-29_APRA/cifar10_500_Jul.01_09.59.00_rflbat_fix_True_no-mia_no-mia-class_no-noise_sin-adv_DOBA/agg_records/pkl/round_0096_rflbat.pkl
97,rflbat,success,"[2, 69, 82, 0, 96, 78, 46, 54, 49, 87]","[2, 69, 82, 0, 96, 78, 46, 54, 49, 87]",[],10,10,"[""rflbat_first_distance_filter"", ""rflbat_cluster_filter"", ""rflbat_final_distance_filter""]",../main/re_result_6-29_APRA/cifar10_500_Jul.01_09.59.00_rflbat_fix_True_no-mia_no-mia-class_no-noise_sin-adv_DOBA/agg_records/pkl/round_0097_rflbat.pkl
98,rflbat,success,"[0, 39, 92, 47, 55, 38, 83, 64, 56, 27]","[39, 92, 47, 55, 38, 83, 64, 56, 27]",[0],10,9,"[""rflbat_first_distance_filter"", ""rflbat_cluster_filter"", ""rflbat_final_distance_filter""]",../main/re_result_6-29_APRA/cifar10_500_Jul.01_09.59.00_rflbat_fix_True_no-mia_no-mia-class_no-noise_sin-adv_DOBA/agg_records/pkl/round_0098_rflbat.pkl
99,rflbat,success,"[3, 61, 58, 89, 32, 71, 17, 31, 80, 37]","[3, 61, 58, 89, 32, 71, 17, 31, 80, 37]",[],10,10,"[""rflbat_first_distance_filter"", ""rflbat_cluster_filter"", ""rflbat_final_distance_filter""]",../main/re_result_6-29_APRA/cifar10_500_Jul.01_09.59.00_rflbat_fix_True_no-mia_no-mia-class_no-noise_sin-adv_DOBA/agg_records/pkl/round_0099_rflbat.pkl
100,rflbat,success,"[3, 30, 36, 18, 7, 46, 55, 70, 68, 85]","[3, 30, 36, 18, 7, 46, 55, 70, 68, 85]",[],10,10,"[""rflbat_first_distance_filter"", ""rflbat_cluster_filter"", ""rflbat_final_distance_filter""]",../main/re_result_6-29_APRA/cifar10_500_Jul.01_09.59.00_rflbat_fix_True_no-mia_no-mia-class_no-noise_sin-adv_DOBA/agg_records/pkl/round_0100_rflbat.pkl
101,rflbat,success,"[1, 79, 80, 98, 67, 84, 69, 24, 16, 81]","[1, 79, 80, 98, 67, 84, 69, 24, 16, 81]",[],10,10,"[""rflbat_first_distance_filter"", ""rflbat_cluster_filter"", ""rflbat_final_distance_filter""]",../main/re_result_6-29_APRA/cifar10_500_Jul.01_09.59.00_rflbat_fix_True_no-mia_no-mia-class_no-noise_sin-adv_DOBA/agg_records/pkl/round_0101_rflbat.pkl
102,rflbat,success,"[4, 35, 22, 89, 21, 3, 5, 82, 94, 91]","[4, 35, 22, 89, 21, 3, 82, 94, 91]",[5],10,9,"[""rflbat_first_distance_filter"", ""rflbat_cluster_filter"", ""rflbat_final_distance_filter""]",../main/re_result_6-29_APRA/cifar10_500_Jul.01_09.59.00_rflbat_fix_True_no-mia_no-mia-class_no-noise_sin-adv_DOBA/agg_records/pkl/round_0102_rflbat.pkl
103,rflbat,success,"[3, 30, 72, 93, 5, 54, 64, 58, 81, 34]","[3, 30, 72, 93, 54, 64, 58, 81, 34]",[5],10,9,"[""rflbat_first_distance_filter"", ""rflbat_cluster_filter"", ""rflbat_final_distance_filter""]",../main/re_result_6-29_APRA/cifar10_500_Jul.01_09.59.00_rflbat_fix_True_no-mia_no-mia-class_no-noise_sin-adv_DOBA/agg_records/pkl/round_0103_rflbat.pkl
104,rflbat,success,"[1, 73, 27, 80, 99, 44, 43, 60, 29, 14]","[1, 73, 27, 80, 99, 44, 43, 60, 29, 14]",[],10,10,"[""rflbat_first_distance_filter"", ""rflbat_cluster_filter"", ""rflbat_final_distance_filter""]",../main/re_result_6-29_APRA/cifar10_500_Jul.01_09.59.00_rflbat_fix_True_no-mia_no-mia-class_no-noise_sin-adv_DOBA/agg_records/pkl/round_0104_rflbat.pkl
105,rflbat,success,"[1, 64, 31, 84, 60, 10, 40, 83, 26, 89]","[1, 64, 31, 84, 60, 10, 40, 83, 26, 89]",[],10,10,"[""rflbat_first_distance_filter"", ""rflbat_cluster_filter"", ""rflbat_final_distance_filter""]",../main/re_result_6-29_APRA/cifar10_500_Jul.01_09.59.00_rflbat_fix_True_no-mia_no-mia-class_no-noise_sin-adv_DOBA/agg_records/pkl/round_0105_rflbat.pkl
106,rflbat,success,"[0, 66, 40, 3, 91, 32, 44, 8, 39, 42]","[0, 66, 40, 3, 91, 32, 44, 8, 39, 42]",[],10,10,"[""rflbat_first_distance_filter"", ""rflbat_cluster_filter"", ""rflbat_final_distance_filter""]",../main/re_result_6-29_APRA/cifar10_500_Jul.01_09.59.00_rflbat_fix_True_no-mia_no-mia-class_no-noise_sin-adv_DOBA/agg_records/pkl/round_0106_rflbat.pkl
107,rflbat,success,"[0, 54, 25, 36, 8, 59, 62, 77, 78, 4]","[0, 54, 25, 36, 8, 59, 62, 77, 78, 4]",[],10,10,"[""rflbat_first_distance_filter"", ""rflbat_cluster_filter"", ""rflbat_final_distance_filter""]",../main/re_result_6-29_APRA/cifar10_500_Jul.01_09.59.00_rflbat_fix_True_no-mia_no-mia-class_no-noise_sin-adv_DOBA/agg_records/pkl/round_0107_rflbat.pkl
108,rflbat,success,"[0, 45, 56, 38, 18, 23, 67, 78, 2, 1]","[45, 56, 38, 18, 23, 67, 78, 2, 1]",[0],10,9,"[""rflbat_first_distance_filter"", ""rflbat_cluster_filter"", ""rflbat_final_distance_filter""]",../main/re_result_6-29_APRA/cifar10_500_Jul.01_09.59.00_rflbat_fix_True_no-mia_no-mia-class_no-noise_sin-adv_DOBA/agg_records/pkl/round_0108_rflbat.pkl
109,rflbat,success,"[3, 6, 45, 53, 71, 95, 97, 67, 43, 26]","[3, 6, 45, 53, 71, 95, 97, 67, 43, 26]",[],10,10,"[""rflbat_first_distance_filter"", ""rflbat_cluster_filter"", ""rflbat_final_distance_filter""]",../main/re_result_6-29_APRA/cifar10_500_Jul.01_09.59.00_rflbat_fix_True_no-mia_no-mia-class_no-noise_sin-adv_DOBA/agg_records/pkl/round_0109_rflbat.pkl
110,rflbat,success,"[0, 67, 43, 68, 4, 19, 9, 80, 17, 25]","[0, 67, 43, 68, 4, 19, 9, 80, 17, 25]",[],10,10,"[""rflbat_first_distance_filter"", ""rflbat_cluster_filter"", ""rflbat_final_distance_filter""]",../main/re_result_6-29_APRA/cifar10_500_Jul.01_09.59.00_rflbat_fix_True_no-mia_no-mia-class_no-noise_sin-adv_DOBA/agg_records/pkl/round_0110_rflbat.pkl
111,rflbat,success,"[1, 74, 80, 55, 44, 21, 0, 66, 79, 52]","[1, 74, 80, 44, 21, 66, 79, 52]","[55, 0]",10,8,"[""rflbat_first_distance_filter"", ""rflbat_cluster_filter"", ""rflbat_final_distance_filter""]",../main/re_result_6-29_APRA/cifar10_500_Jul.01_09.59.00_rflbat_fix_True_no-mia_no-mia-class_no-noise_sin-adv_DOBA/agg_records/pkl/round_0111_rflbat.pkl
112,rflbat,success,"[4, 95, 60, 61, 52, 36, 67, 48, 44, 56]","[4, 95, 60, 61, 52, 36, 67, 48, 44, 56]",[],10,10,"[""rflbat_first_distance_filter"", ""rflbat_cluster_filter"", ""rflbat_final_distance_filter""]",../main/re_result_6-29_APRA/cifar10_500_Jul.01_09.59.00_rflbat_fix_True_no-mia_no-mia-class_no-noise_sin-adv_DOBA/agg_records/pkl/round_0112_rflbat.pkl
113,rflbat,success,"[2, 48, 8, 9, 27, 45, 31, 92, 67, 75]","[2, 48, 8, 9, 27, 45, 31, 92, 67, 75]",[],10,10,"[""rflbat_first_distance_filter"", ""rflbat_cluster_filter"", ""rflbat_final_distance_filter""]",../main/re_result_6-29_APRA/cifar10_500_Jul.01_09.59.00_rflbat_fix_True_no-mia_no-mia-class_no-noise_sin-adv_DOBA/agg_records/pkl/round_0113_rflbat.pkl
114,rflbat,success,"[0, 12, 75, 66, 88, 19, 27, 68, 28, 82]","[0, 12, 75, 66, 88, 19, 27, 68, 28, 82]",[],10,10,"[""rflbat_first_distance_filter"", ""rflbat_cluster_filter"", ""rflbat_final_distance_filter""]",../main/re_result_6-29_APRA/cifar10_500_Jul.01_09.59.00_rflbat_fix_True_no-mia_no-mia-class_no-noise_sin-adv_DOBA/agg_records/pkl/round_0114_rflbat.pkl
115,rflbat,success,"[4, 21, 48, 7, 32, 8, 56, 31, 99, 84]","[4, 21, 48, 7, 32, 8, 56, 31, 99, 84]",[],10,10,"[""rflbat_first_distance_filter"", ""rflbat_cluster_filter"", ""rflbat_final_distance_filter""]",../main/re_result_6-29_APRA/cifar10_500_Jul.01_09.59.00_rflbat_fix_True_no-mia_no-mia-class_no-noise_sin-adv_DOBA/agg_records/pkl/round_0115_rflbat.pkl
116,rflbat,success,"[4, 16, 83, 50, 89, 63, 93, 65, 14, 24]","[4, 16, 83, 50, 89, 63, 93, 65, 14, 24]",[],10,10,"[""rflbat_first_distance_filter"", ""rflbat_cluster_filter"", ""rflbat_final_distance_filter""]",../main/re_result_6-29_APRA/cifar10_500_Jul.01_09.59.00_rflbat_fix_True_no-mia_no-mia-class_no-noise_sin-adv_DOBA/agg_records/pkl/round_0116_rflbat.pkl
117,rflbat,success,"[1, 87, 54, 75, 84, 74, 99, 30, 69, 91]","[1, 87, 54, 75, 84, 74, 99, 30, 69, 91]",[],10,10,"[""rflbat_first_distance_filter"", ""rflbat_cluster_filter"", ""rflbat_final_distance_filter""]",../main/re_result_6-29_APRA/cifar10_500_Jul.01_09.59.00_rflbat_fix_True_no-mia_no-mia-class_no-noise_sin-adv_DOBA/agg_records/pkl/round_0117_rflbat.pkl
118,rflbat,success,"[3, 0, 45, 80, 99, 96, 26, 33, 67, 11]","[3, 0, 45, 80, 99, 96, 26, 33, 67, 11]",[],10,10,"[""rflbat_first_distance_filter"", ""rflbat_cluster_filter"", ""rflbat_final_distance_filter""]",../main/re_result_6-29_APRA/cifar10_500_Jul.01_09.59.00_rflbat_fix_True_no-mia_no-mia-class_no-noise_sin-adv_DOBA/agg_records/pkl/round_0118_rflbat.pkl
119,rflbat,success,"[2, 62, 11, 58, 0, 70, 61, 74, 76, 32]","[2, 62, 11, 58, 0, 70, 61, 74, 76, 32]",[],10,10,"[""rflbat_first_distance_filter"", ""rflbat_cluster_filter"", ""rflbat_final_distance_filter""]",../main/re_result_6-29_APRA/cifar10_500_Jul.01_09.59.00_rflbat_fix_True_no-mia_no-mia-class_no-noise_sin-adv_DOBA/agg_records/pkl/round_0119_rflbat.pkl
120,rflbat,success,"[2, 69, 5, 74, 38, 76, 61, 33, 19, 77]","[2, 69, 5, 74, 38, 76, 61, 33, 19, 77]",[],10,10,"[""rflbat_first_distance_filter"", ""rflbat_cluster_filter"", ""rflbat_final_distance_filter""]",../main/re_result_6-29_APRA/cifar10_500_Jul.01_09.59.00_rflbat_fix_True_no-mia_no-mia-class_no-noise_sin-adv_DOBA/agg_records/pkl/round_0120_rflbat.pkl
121,rflbat,success,"[2, 93, 89, 83, 87, 77, 74, 84, 60, 6]","[2, 93, 89, 83, 87, 77, 74, 84, 60, 6]",[],10,10,"[""rflbat_first_distance_filter"", ""rflbat_cluster_filter"", ""rflbat_final_distance_filter""]",../main/re_result_6-29_APRA/cifar10_500_Jul.01_09.59.00_rflbat_fix_True_no-mia_no-mia-class_no-noise_sin-adv_DOBA/agg_records/pkl/round_0121_rflbat.pkl
122,rflbat,success,"[0, 87, 15, 83, 40, 92, 71, 30, 44, 4]","[0, 87, 15, 83, 40, 92, 71, 30, 44, 4]",[],10,10,"[""rflbat_first_distance_filter"", ""rflbat_cluster_filter"", ""rflbat_final_distance_filter""]",../main/re_result_6-29_APRA/cifar10_500_Jul.01_09.59.00_rflbat_fix_True_no-mia_no-mia-class_no-noise_sin-adv_DOBA/agg_records/pkl/round_0122_rflbat.pkl
123,rflbat,success,"[0, 49, 64, 61, 93, 9, 66, 35, 6, 67]","[0, 49, 64, 61, 93, 9, 66, 35, 6, 67]",[],10,10,"[""rflbat_first_distance_filter"", ""rflbat_cluster_filter"", ""rflbat_final_distance_filter""]",../main/re_result_6-29_APRA/cifar10_500_Jul.01_09.59.00_rflbat_fix_True_no-mia_no-mia-class_no-noise_sin-adv_DOBA/agg_records/pkl/round_0123_rflbat.pkl
124,rflbat,success,"[0, 37, 25, 89, 77, 52, 29, 93, 98, 26]","[0, 37, 25, 89, 77, 52, 29, 93, 98]",[26],10,9,"[""rflbat_first_distance_filter"", ""rflbat_cluster_filter"", ""rflbat_final_distance_filter""]",../main/re_result_6-29_APRA/cifar10_500_Jul.01_09.59.00_rflbat_fix_True_no-mia_no-mia-class_no-noise_sin-adv_DOBA/agg_records/pkl/round_0124_rflbat.pkl
125,rflbat,success,"[3, 31, 59, 81, 36, 29, 10, 44, 7, 83]","[3, 59, 36, 29, 44, 7, 83]","[31, 81, 10]",10,7,"[""rflbat_first_distance_filter"", ""rflbat_cluster_filter"", ""rflbat_final_distance_filter""]",../main/re_result_6-29_APRA/cifar10_500_Jul.01_09.59.00_rflbat_fix_True_no-mia_no-mia-class_no-noise_sin-adv_DOBA/agg_records/pkl/round_0125_rflbat.pkl
126,rflbat,success,"[2, 64, 33, 19, 18, 76, 90, 0, 50, 11]","[2, 64, 33, 19, 18, 76, 90, 0, 50, 11]",[],10,10,"[""rflbat_first_distance_filter"", ""rflbat_cluster_filter"", ""rflbat_final_distance_filter""]",../main/re_result_6-29_APRA/cifar10_500_Jul.01_09.59.00_rflbat_fix_True_no-mia_no-mia-class_no-noise_sin-adv_DOBA/agg_records/pkl/round_0126_rflbat.pkl
127,rflbat,success,"[1, 38, 75, 66, 11, 17, 83, 56, 29, 79]","[1, 38, 83, 56, 29, 79]","[75, 66, 11, 17]",10,6,"[""rflbat_first_distance_filter"", ""rflbat_cluster_filter"", ""rflbat_final_distance_filter""]",../main/re_result_6-29_APRA/cifar10_500_Jul.01_09.59.00_rflbat_fix_True_no-mia_no-mia-class_no-noise_sin-adv_DOBA/agg_records/pkl/round_0127_rflbat.pkl
128,rflbat,success,"[1, 20, 35, 59, 21, 12, 95, 61, 71, 7]","[1, 20, 35, 59, 21, 12, 95, 61, 71, 7]",[],10,10,"[""rflbat_first_distance_filter"", ""rflbat_cluster_filter"", ""rflbat_final_distance_filter""]",../main/re_result_6-29_APRA/cifar10_500_Jul.01_09.59.00_rflbat_fix_True_no-mia_no-mia-class_no-noise_sin-adv_DOBA/agg_records/pkl/round_0128_rflbat.pkl
129,rflbat,success,"[1, 88, 18, 39, 55, 65, 96, 84, 52, 42]","[1, 88, 18, 39, 55, 65, 96, 84, 52, 42]",[],10,10,"[""rflbat_first_distance_filter"", ""rflbat_cluster_filter"", ""rflbat_final_distance_filter""]",../main/re_result_6-29_APRA/cifar10_500_Jul.01_09.59.00_rflbat_fix_True_no-mia_no-mia-class_no-noise_sin-adv_DOBA/agg_records/pkl/round_0129_rflbat.pkl
130,rflbat,success,"[3, 8, 46, 92, 22, 14, 86, 62, 21, 39]","[3, 8, 46, 92, 22, 14, 86, 62, 21, 39]",[],10,10,"[""rflbat_first_distance_filter"", ""rflbat_cluster_filter"", ""rflbat_final_distance_filter""]",../main/re_result_6-29_APRA/cifar10_500_Jul.01_09.59.00_rflbat_fix_True_no-mia_no-mia-class_no-noise_sin-adv_DOBA/agg_records/pkl/round_0130_rflbat.pkl
131,rflbat,success,"[2, 69, 24, 75, 17, 77, 47, 1, 21, 94]","[2, 24, 75, 17, 77, 1, 21, 94]","[69, 47]",10,8,"[""rflbat_first_distance_filter"", ""rflbat_cluster_filter"", ""rflbat_final_distance_filter""]",../main/re_result_6-29_APRA/cifar10_500_Jul.01_09.59.00_rflbat_fix_True_no-mia_no-mia-class_no-noise_sin-adv_DOBA/agg_records/pkl/round_0131_rflbat.pkl
132,rflbat,success,"[0, 33, 30, 54, 57, 64, 53, 26, 24, 35]","[0, 33, 30, 57, 64, 53, 26, 24, 35]",[54],10,9,"[""rflbat_first_distance_filter"", ""rflbat_cluster_filter"", ""rflbat_final_distance_filter""]",../main/re_result_6-29_APRA/cifar10_500_Jul.01_09.59.00_rflbat_fix_True_no-mia_no-mia-class_no-noise_sin-adv_DOBA/agg_records/pkl/round_0132_rflbat.pkl
133,rflbat,success,"[1, 66, 14, 46, 8, 37, 40, 63, 31, 30]","[1, 66, 14, 46, 8, 37, 40, 63, 31, 30]",[],10,10,"[""rflbat_first_distance_filter"", ""rflbat_cluster_filter"", ""rflbat_final_distance_filter""]",../main/re_result_6-29_APRA/cifar10_500_Jul.01_09.59.00_rflbat_fix_True_no-mia_no-mia-class_no-noise_sin-adv_DOBA/agg_records/pkl/round_0133_rflbat.pkl
134,rflbat,success,"[0, 78, 39, 74, 40, 21, 14, 83, 2, 16]","[78, 39, 74, 40, 21, 14, 83, 2, 16]",[0],10,9,"[""rflbat_first_distance_filter"", ""rflbat_cluster_filter"", ""rflbat_final_distance_filter""]",../main/re_result_6-29_APRA/cifar10_500_Jul.01_09.59.00_rflbat_fix_True_no-mia_no-mia-class_no-noise_sin-adv_DOBA/agg_records/pkl/round_0134_rflbat.pkl
135,rflbat,success,"[4, 44, 96, 33, 18, 19, 95, 49, 55, 37]","[4, 44, 33, 18, 19, 49, 55, 37]","[96, 95]",10,8,"[""rflbat_first_distance_filter"", ""rflbat_cluster_filter"", ""rflbat_final_distance_filter""]",../main/re_result_6-29_APRA/cifar10_500_Jul.01_09.59.00_rflbat_fix_True_no-mia_no-mia-class_no-noise_sin-adv_DOBA/agg_records/pkl/round_0135_rflbat.pkl
136,rflbat,success,"[3, 88, 43, 72, 45, 37, 50, 44, 27, 62]","[3, 88, 43, 72, 45, 37, 50, 44, 27, 62]",[],10,10,"[""rflbat_first_distance_filter"", ""rflbat_cluster_filter"", ""rflbat_final_distance_filter""]",../main/re_result_6-29_APRA/cifar10_500_Jul.01_09.59.00_rflbat_fix_True_no-mia_no-mia-class_no-noise_sin-adv_DOBA/agg_records/pkl/round_0136_rflbat.pkl
137,rflbat,success,"[0, 50, 48, 55, 89, 68, 45, 73, 17, 75]","[0, 50, 48, 55, 89, 68, 45, 73, 17, 75]",[],10,10,"[""rflbat_first_distance_filter"", ""rflbat_cluster_filter"", ""rflbat_final_distance_filter""]",../main/re_result_6-29_APRA/cifar10_500_Jul.01_09.59.00_rflbat_fix_True_no-mia_no-mia-class_no-noise_sin-adv_DOBA/agg_records/pkl/round_0137_rflbat.pkl
138,rflbat,success,"[4, 78, 56, 12, 61, 10, 19, 14, 15, 82]","[4, 78, 56, 12, 61, 10, 19, 14, 15, 82]",[],10,10,"[""rflbat_first_distance_filter"", ""rflbat_cluster_filter"", ""rflbat_final_distance_filter""]",../main/re_result_6-29_APRA/cifar10_500_Jul.01_09.59.00_rflbat_fix_True_no-mia_no-mia-class_no-noise_sin-adv_DOBA/agg_records/pkl/round_0138_rflbat.pkl
139,rflbat,success,"[4, 30, 6, 14, 89, 45, 76, 52, 25, 88]","[4, 30, 6, 14, 89, 45, 76, 52, 25, 88]",[],10,10,"[""rflbat_first_distance_filter"", ""rflbat_cluster_filter"", ""rflbat_final_distance_filter""]",../main/re_result_6-29_APRA/cifar10_500_Jul.01_09.59.00_rflbat_fix_True_no-mia_no-mia-class_no-noise_sin-adv_DOBA/agg_records/pkl/round_0139_rflbat.pkl
140,rflbat,success,"[0, 10, 27, 82, 43, 50, 97, 18, 17, 55]","[0, 27, 82, 43, 50, 97, 18, 17, 55]",[10],10,9,"[""rflbat_first_distance_filter"", ""rflbat_cluster_filter"", ""rflbat_final_distance_filter""]",../main/re_result_6-29_APRA/cifar10_500_Jul.01_09.59.00_rflbat_fix_True_no-mia_no-mia-class_no-noise_sin-adv_DOBA/agg_records/pkl/round_0140_rflbat.pkl
141,rflbat,success,"[3, 30, 8, 51, 47, 4, 73, 54, 59, 55]","[3, 30, 8, 51, 47, 4, 73, 54, 59, 55]",[],10,10,"[""rflbat_first_distance_filter"", ""rflbat_cluster_filter"", ""rflbat_final_distance_filter""]",../main/re_result_6-29_APRA/cifar10_500_Jul.01_09.59.00_rflbat_fix_True_no-mia_no-mia-class_no-noise_sin-adv_DOBA/agg_records/pkl/round_0141_rflbat.pkl
142,rflbat,success,"[0, 96, 16, 1, 26, 33, 64, 48, 90, 46]","[0, 96, 16, 1, 26, 33, 64, 48, 90, 46]",[],10,10,"[""rflbat_first_distance_filter"", ""rflbat_cluster_filter"", ""rflbat_final_distance_filter""]",../main/re_result_6-29_APRA/cifar10_500_Jul.01_09.59.00_rflbat_fix_True_no-mia_no-mia-class_no-noise_sin-adv_DOBA/agg_records/pkl/round_0142_rflbat.pkl
143,rflbat,success,"[2, 70, 47, 32, 69, 58, 63, 79, 80, 49]","[2, 70, 47, 32, 69, 58, 63, 79, 80, 49]",[],10,10,"[""rflbat_first_distance_filter"", ""rflbat_cluster_filter"", ""rflbat_final_distance_filter""]",../main/re_result_6-29_APRA/cifar10_500_Jul.01_09.59.00_rflbat_fix_True_no-mia_no-mia-class_no-noise_sin-adv_DOBA/agg_records/pkl/round_0143_rflbat.pkl
144,rflbat,success,"[0, 2, 45, 31, 92, 63, 75, 83, 7, 40]","[0, 2, 45, 31, 92, 63, 75, 83, 7, 40]",[],10,10,"[""rflbat_first_distance_filter"", ""rflbat_cluster_filter"", ""rflbat_final_distance_filter""]",../main/re_result_6-29_APRA/cifar10_500_Jul.01_09.59.00_rflbat_fix_True_no-mia_no-mia-class_no-noise_sin-adv_DOBA/agg_records/pkl/round_0144_rflbat.pkl
145,rflbat,success,"[3, 31, 13, 6, 32, 52, 70, 0, 94, 38]","[3, 31, 13, 6, 32, 52, 70, 0, 94, 38]",[],10,10,"[""rflbat_first_distance_filter"", ""rflbat_cluster_filter"", ""rflbat_final_distance_filter""]",../main/re_result_6-29_APRA/cifar10_500_Jul.01_09.59.00_rflbat_fix_True_no-mia_no-mia-class_no-noise_sin-adv_DOBA/agg_records/pkl/round_0145_rflbat.pkl
146,rflbat,success,"[2, 84, 81, 3, 78, 97, 88, 7, 6, 52]","[2, 84, 81, 3, 78, 97, 88, 7, 6, 52]",[],10,10,"[""rflbat_first_distance_filter"", ""rflbat_cluster_filter"", ""rflbat_final_distance_filter""]",../main/re_result_6-29_APRA/cifar10_500_Jul.01_09.59.00_rflbat_fix_True_no-mia_no-mia-class_no-noise_sin-adv_DOBA/agg_records/pkl/round_0146_rflbat.pkl
147,rflbat,success,"[1, 21, 13, 8, 39, 40, 74, 10, 96, 26]","[1, 21, 13, 8, 39, 40, 74, 10, 96, 26]",[],10,10,"[""rflbat_first_distance_filter"", ""rflbat_cluster_filter"", ""rflbat_final_distance_filter""]",../main/re_result_6-29_APRA/cifar10_500_Jul.01_09.59.00_rflbat_fix_True_no-mia_no-mia-class_no-noise_sin-adv_DOBA/agg_records/pkl/round_0147_rflbat.pkl
148,rflbat,success,"[1, 68, 34, 78, 19, 52, 15, 96, 83, 35]","[1, 68, 34, 78, 19, 52, 15, 96, 83, 35]",[],10,10,"[""rflbat_first_distance_filter"", ""rflbat_cluster_filter"", ""rflbat_final_distance_filter""]",../main/re_result_6-29_APRA/cifar10_500_Jul.01_09.59.00_rflbat_fix_True_no-mia_no-mia-class_no-noise_sin-adv_DOBA/agg_records/pkl/round_0148_rflbat.pkl
149,rflbat,success,"[4, 74, 72, 97, 80, 27, 7, 56, 19, 79]","[4, 74, 72, 7, 19, 79]","[97, 80, 27, 56]",10,6,"[""rflbat_first_distance_filter"", ""rflbat_cluster_filter"", ""rflbat_final_distance_filter""]",../main/re_result_6-29_APRA/cifar10_500_Jul.01_09.59.00_rflbat_fix_True_no-mia_no-mia-class_no-noise_sin-adv_DOBA/agg_records/pkl/round_0149_rflbat.pkl
150,rflbat,success,"[3, 4, 84, 82, 64, 39, 31, 2, 44, 25]","[3, 4, 84, 82, 64, 39, 2, 44, 25]",[31],10,9,"[""rflbat_first_distance_filter"", ""rflbat_cluster_filter"", ""rflbat_final_distance_filter""]",../main/re_result_6-29_APRA/cifar10_500_Jul.01_09.59.00_rflbat_fix_True_no-mia_no-mia-class_no-noise_sin-adv_DOBA/agg_records/pkl/round_0150_rflbat.pkl
151,rflbat,success,"[1, 19, 64, 40, 15, 26, 49, 30, 10, 36]","[1, 19, 64, 40, 15, 26, 49, 30, 10, 36]",[],10,10,"[""rflbat_first_distance_filter"", ""rflbat_cluster_filter"", ""rflbat_final_distance_filter""]",../main/re_result_6-29_APRA/cifar10_500_Jul.01_09.59.00_rflbat_fix_True_no-mia_no-mia-class_no-noise_sin-adv_DOBA/agg_records/pkl/round_0151_rflbat.pkl
152,rflbat,success,"[2, 11, 52, 5, 60, 56, 37, 47, 48, 86]","[2, 11, 52, 5, 60, 56, 37, 47, 48, 86]",[],10,10,"[""rflbat_first_distance_filter"", ""rflbat_cluster_filter"", ""rflbat_final_distance_filter""]",../main/re_result_6-29_APRA/cifar10_500_Jul.01_09.59.00_rflbat_fix_True_no-mia_no-mia-class_no-noise_sin-adv_DOBA/agg_records/pkl/round_0152_rflbat.pkl
153,rflbat,success,"[3, 73, 59, 96, 24, 41, 52, 83, 86, 64]","[3, 73, 59, 96, 24, 41, 52, 83, 86, 64]",[],10,10,"[""rflbat_first_distance_filter"", ""rflbat_cluster_filter"", ""rflbat_final_distance_filter""]",../main/re_result_6-29_APRA/cifar10_500_Jul.01_09.59.00_rflbat_fix_True_no-mia_no-mia-class_no-noise_sin-adv_DOBA/agg_records/pkl/round_0153_rflbat.pkl
154,rflbat,success,"[1, 24, 51, 23, 61, 21, 49, 11, 7, 90]","[1, 24, 51, 23, 61, 21, 49, 11, 7, 90]",[],10,10,"[""rflbat_first_distance_filter"", ""rflbat_cluster_filter"", ""rflbat_final_distance_filter""]",../main/re_result_6-29_APRA/cifar10_500_Jul.01_09.59.00_rflbat_fix_True_no-mia_no-mia-class_no-noise_sin-adv_DOBA/agg_records/pkl/round_0154_rflbat.pkl
155,rflbat,success,"[3, 95, 98, 6, 52, 96, 27, 90, 34, 9]","[3, 95, 98, 6, 52, 96, 27, 90, 34, 9]",[],10,10,"[""rflbat_first_distance_filter"", ""rflbat_cluster_filter"", ""rflbat_final_distance_filter""]",../main/re_result_6-29_APRA/cifar10_500_Jul.01_09.59.00_rflbat_fix_True_no-mia_no-mia-class_no-noise_sin-adv_DOBA/agg_records/pkl/round_0155_rflbat.pkl
156,rflbat,success,"[4, 60, 16, 81, 6, 58, 85, 95, 90, 27]","[4, 60, 16, 81, 6, 58, 85, 95, 90, 27]",[],10,10,"[""rflbat_first_distance_filter"", ""rflbat_cluster_filter"", ""rflbat_final_distance_filter""]",../main/re_result_6-29_APRA/cifar10_500_Jul.01_09.59.00_rflbat_fix_True_no-mia_no-mia-class_no-noise_sin-adv_DOBA/agg_records/pkl/round_0156_rflbat.pkl
157,rflbat,success,"[0, 33, 57, 81, 1, 24, 30, 72, 14, 79]","[0, 33, 57, 81, 1, 24, 72, 14, 79]",[30],10,9,"[""rflbat_first_distance_filter"", ""rflbat_cluster_filter"", ""rflbat_final_distance_filter""]",../main/re_result_6-29_APRA/cifar10_500_Jul.01_09.59.00_rflbat_fix_True_no-mia_no-mia-class_no-noise_sin-adv_DOBA/agg_records/pkl/round_0157_rflbat.pkl
158,rflbat,success,"[4, 98, 51, 17, 81, 85, 31, 13, 50, 49]","[4, 98, 51, 17, 81, 85, 31, 13, 50, 49]",[],10,10,"[""rflbat_first_distance_filter"", ""rflbat_cluster_filter"", ""rflbat_final_distance_filter""]",../main/re_result_6-29_APRA/cifar10_500_Jul.01_09.59.00_rflbat_fix_True_no-mia_no-mia-class_no-noise_sin-adv_DOBA/agg_records/pkl/round_0158_rflbat.pkl
159,rflbat,success,"[4, 36, 59, 46, 83, 53, 67, 47, 39, 52]","[4, 36, 59, 46, 83, 53, 67, 47, 39, 52]",[],10,10,"[""rflbat_first_distance_filter"", ""rflbat_cluster_filter"", ""rflbat_final_distance_filter""]",../main/re_result_6-29_APRA/cifar10_500_Jul.01_09.59.00_rflbat_fix_True_no-mia_no-mia-class_no-noise_sin-adv_DOBA/agg_records/pkl/round_0159_rflbat.pkl
160,rflbat,success,"[2, 86, 51, 25, 74, 63, 23, 13, 87, 91]","[2, 86, 51, 25, 74, 63, 23, 13, 87, 91]",[],10,10,"[""rflbat_first_distance_filter"", ""rflbat_cluster_filter"", ""rflbat_final_distance_filter""]",../main/re_result_6-29_APRA/cifar10_500_Jul.01_09.59.00_rflbat_fix_True_no-mia_no-mia-class_no-noise_sin-adv_DOBA/agg_records/pkl/round_0160_rflbat.pkl
161,rflbat,success,"[2, 19, 17, 25, 65, 26, 7, 61, 24, 15]","[2, 19, 17, 25, 65, 26, 7, 61, 24, 15]",[],10,10,"[""rflbat_first_distance_filter"", ""rflbat_cluster_filter"", ""rflbat_final_distance_filter""]",../main/re_result_6-29_APRA/cifar10_500_Jul.01_09.59.00_rflbat_fix_True_no-mia_no-mia-class_no-noise_sin-adv_DOBA/agg_records/pkl/round_0161_rflbat.pkl
162,rflbat,success,"[4, 5, 36, 29, 81, 68, 2, 43, 32, 0]","[4, 5, 36, 29, 81, 68, 2, 43, 32, 0]",[],10,10,"[""rflbat_first_distance_filter"", ""rflbat_cluster_filter"", ""rflbat_final_distance_filter""]",../main/re_result_6-29_APRA/cifar10_500_Jul.01_09.59.00_rflbat_fix_True_no-mia_no-mia-class_no-noise_sin-adv_DOBA/agg_records/pkl/round_0162_rflbat.pkl
163,rflbat,success,"[4, 27, 7, 10, 63, 90, 8, 46, 71, 78]","[4, 27, 7, 10, 63, 90, 8, 46, 71, 78]",[],10,10,"[""rflbat_first_distance_filter"", ""rflbat_cluster_filter"", ""rflbat_final_distance_filter""]",../main/re_result_6-29_APRA/cifar10_500_Jul.01_09.59.00_rflbat_fix_True_no-mia_no-mia-class_no-noise_sin-adv_DOBA/agg_records/pkl/round_0163_rflbat.pkl
164,rflbat,success,"[1, 61, 75, 28, 45, 59, 83, 78, 72, 66]","[1, 61, 75, 28, 45, 59, 83, 78, 72, 66]",[],10,10,"[""rflbat_first_distance_filter"", ""rflbat_cluster_filter"", ""rflbat_final_distance_filter""]",../main/re_result_6-29_APRA/cifar10_500_Jul.01_09.59.00_rflbat_fix_True_no-mia_no-mia-class_no-noise_sin-adv_DOBA/agg_records/pkl/round_0164_rflbat.pkl
165,rflbat,success,"[1, 58, 73, 25, 46, 40, 50, 7, 75, 72]","[1, 58, 73, 25, 46, 40, 50, 7, 75, 72]",[],10,10,"[""rflbat_first_distance_filter"", ""rflbat_cluster_filter"", ""rflbat_final_distance_filter""]",../main/re_result_6-29_APRA/cifar10_500_Jul.01_09.59.00_rflbat_fix_True_no-mia_no-mia-class_no-noise_sin-adv_DOBA/agg_records/pkl/round_0165_rflbat.pkl
166,rflbat,success,"[0, 67, 49, 18, 28, 37, 69, 46, 40, 29]","[67, 49, 18, 28, 37, 46, 40, 29]","[0, 69]",10,8,"[""rflbat_first_distance_filter"", ""rflbat_cluster_filter"", ""rflbat_final_distance_filter""]",../main/re_result_6-29_APRA/cifar10_500_Jul.01_09.59.00_rflbat_fix_True_no-mia_no-mia-class_no-noise_sin-adv_DOBA/agg_records/pkl/round_0166_rflbat.pkl
167,rflbat,success,"[1, 72, 87, 96, 48, 16, 21, 63, 25, 23]","[1, 72, 87, 96, 16, 21, 63, 25, 23]",[48],10,9,"[""rflbat_first_distance_filter"", ""rflbat_cluster_filter"", ""rflbat_final_distance_filter""]",../main/re_result_6-29_APRA/cifar10_500_Jul.01_09.59.00_rflbat_fix_True_no-mia_no-mia-class_no-noise_sin-adv_DOBA/agg_records/pkl/round_0167_rflbat.pkl
168,rflbat,success,"[3, 89, 84, 17, 32, 16, 9, 35, 72, 12]","[3, 89, 84, 17, 32, 16, 9, 35, 72, 12]",[],10,10,"[""rflbat_first_distance_filter"", ""rflbat_cluster_filter"", ""rflbat_final_distance_filter""]",../main/re_result_6-29_APRA/cifar10_500_Jul.01_09.59.00_rflbat_fix_True_no-mia_no-mia-class_no-noise_sin-adv_DOBA/agg_records/pkl/round_0168_rflbat.pkl
169,rflbat,success,"[1, 86, 89, 95, 60, 85, 17, 6, 32, 75]","[1, 86, 89, 95, 60, 85, 17, 6, 32, 75]",[],10,10,"[""rflbat_first_distance_filter"", ""rflbat_cluster_filter"", ""rflbat_final_distance_filter""]",../main/re_result_6-29_APRA/cifar10_500_Jul.01_09.59.00_rflbat_fix_True_no-mia_no-mia-class_no-noise_sin-adv_DOBA/agg_records/pkl/round_0169_rflbat.pkl
170,rflbat,success,"[3, 63, 15, 62, 51, 47, 31, 20, 33, 25]","[3, 63, 15, 62, 51, 47, 20, 33, 25]",[31],10,9,"[""rflbat_first_distance_filter"", ""rflbat_cluster_filter"", ""rflbat_final_distance_filter""]",../main/re_result_6-29_APRA/cifar10_500_Jul.01_09.59.00_rflbat_fix_True_no-mia_no-mia-class_no-noise_sin-adv_DOBA/agg_records/pkl/round_0170_rflbat.pkl
171,rflbat,success,"[0, 59, 22, 14, 93, 11, 38, 31, 71, 85]","[0, 59, 22, 14, 93, 11, 38, 31, 71, 85]",[],10,10,"[""rflbat_first_distance_filter"", ""rflbat_cluster_filter"", ""rflbat_final_distance_filter""]",../main/re_result_6-29_APRA/cifar10_500_Jul.01_09.59.00_rflbat_fix_True_no-mia_no-mia-class_no-noise_sin-adv_DOBA/agg_records/pkl/round_0171_rflbat.pkl
172,rflbat,success,"[0, 93, 23, 12, 78, 41, 29, 79, 97, 82]","[0, 93, 23, 12, 78, 41, 29, 79, 97, 82]",[],10,10,"[""rflbat_first_distance_filter"", ""rflbat_cluster_filter"", ""rflbat_final_distance_filter""]",../main/re_result_6-29_APRA/cifar10_500_Jul.01_09.59.00_rflbat_fix_True_no-mia_no-mia-class_no-noise_sin-adv_DOBA/agg_records/pkl/round_0172_rflbat.pkl
173,rflbat,success,"[2, 31, 9, 69, 65, 32, 33, 70, 8, 49]","[2, 31, 9, 69, 65, 32, 33, 70, 8, 49]",[],10,10,"[""rflbat_first_distance_filter"", ""rflbat_cluster_filter"", ""rflbat_final_distance_filter""]",../main/re_result_6-29_APRA/cifar10_500_Jul.01_09.59.00_rflbat_fix_True_no-mia_no-mia-class_no-noise_sin-adv_DOBA/agg_records/pkl/round_0173_rflbat.pkl
174,rflbat,success,"[0, 89, 97, 70, 37, 10, 91, 82, 98, 77]","[0, 89, 97, 70, 37, 10, 91, 82, 98, 77]",[],10,10,"[""rflbat_first_distance_filter"", ""rflbat_cluster_filter"", ""rflbat_final_distance_filter""]",../main/re_result_6-29_APRA/cifar10_500_Jul.01_09.59.00_rflbat_fix_True_no-mia_no-mia-class_no-noise_sin-adv_DOBA/agg_records/pkl/round_0174_rflbat.pkl
175,rflbat,success,"[3, 4, 38, 9, 20, 81, 94, 55, 52, 47]","[3, 4, 38, 9, 20, 81, 94, 55, 52, 47]",[],10,10,"[""rflbat_first_distance_filter"", ""rflbat_cluster_filter"", ""rflbat_final_distance_filter""]",../main/re_result_6-29_APRA/cifar10_500_Jul.01_09.59.00_rflbat_fix_True_no-mia_no-mia-class_no-noise_sin-adv_DOBA/agg_records/pkl/round_0175_rflbat.pkl
176,rflbat,success,"[2, 52, 37, 23, 12, 68, 28, 90, 83, 64]","[2, 52, 37, 23, 12, 68, 28, 90, 83, 64]",[],10,10,"[""rflbat_first_distance_filter"", ""rflbat_cluster_filter"", ""rflbat_final_distance_filter""]",../main/re_result_6-29_APRA/cifar10_500_Jul.01_09.59.00_rflbat_fix_True_no-mia_no-mia-class_no-noise_sin-adv_DOBA/agg_records/pkl/round_0176_rflbat.pkl
177,rflbat,success,"[1, 8, 9, 91, 62, 45, 16, 15, 40, 28]","[1, 8, 9, 91, 62, 45, 16, 15, 40, 28]",[],10,10,"[""rflbat_first_distance_filter"", ""rflbat_cluster_filter"", ""rflbat_final_distance_filter""]",../main/re_result_6-29_APRA/cifar10_500_Jul.01_09.59.00_rflbat_fix_True_no-mia_no-mia-class_no-noise_sin-adv_DOBA/agg_records/pkl/round_0177_rflbat.pkl
178,rflbat,success,"[2, 18, 34, 94, 55, 37, 8, 97, 92, 72]","[2, 18, 34, 94, 55, 37, 8, 92, 72]",[97],10,9,"[""rflbat_first_distance_filter"", ""rflbat_cluster_filter"", ""rflbat_final_distance_filter""]",../main/re_result_6-29_APRA/cifar10_500_Jul.01_09.59.00_rflbat_fix_True_no-mia_no-mia-class_no-noise_sin-adv_DOBA/agg_records/pkl/round_0178_rflbat.pkl
179,rflbat,success,"[3, 71, 10, 32, 33, 96, 0, 9, 29, 35]","[3, 71, 10, 32, 33, 96, 0, 9, 29, 35]",[],10,10,"[""rflbat_first_distance_filter"", ""rflbat_cluster_filter"", ""rflbat_final_distance_filter""]",../main/re_result_6-29_APRA/cifar10_500_Jul.01_09.59.00_rflbat_fix_True_no-mia_no-mia-class_no-noise_sin-adv_DOBA/agg_records/pkl/round_0179_rflbat.pkl
180,rflbat,success,"[1, 88, 87, 58, 13, 64, 11, 81, 40, 61]","[1, 88, 87, 58, 13, 64, 11, 81, 40, 61]",[],10,10,"[""rflbat_first_distance_filter"", ""rflbat_cluster_filter"", ""rflbat_final_distance_filter""]",../main/re_result_6-29_APRA/cifar10_500_Jul.01_09.59.00_rflbat_fix_True_no-mia_no-mia-class_no-noise_sin-adv_DOBA/agg_records/pkl/round_0180_rflbat.pkl
181,rflbat,success,"[4, 68, 83, 64, 15, 34, 92, 18, 26, 90]","[4, 68, 83, 64, 15, 34, 92, 18, 26, 90]",[],10,10,"[""rflbat_first_distance_filter"", ""rflbat_cluster_filter"", ""rflbat_final_distance_filter""]",../main/re_result_6-29_APRA/cifar10_500_Jul.01_09.59.00_rflbat_fix_True_no-mia_no-mia-class_no-noise_sin-adv_DOBA/agg_records/pkl/round_0181_rflbat.pkl
182,rflbat,success,"[4, 94, 85, 76, 24, 73, 39, 8, 32, 35]","[4, 94, 85, 76, 24, 39, 8, 32, 35]",[73],10,9,"[""rflbat_first_distance_filter"", ""rflbat_cluster_filter"", ""rflbat_final_distance_filter""]",../main/re_result_6-29_APRA/cifar10_500_Jul.01_09.59.00_rflbat_fix_True_no-mia_no-mia-class_no-noise_sin-adv_DOBA/agg_records/pkl/round_0182_rflbat.pkl
183,rflbat,success,"[4, 18, 61, 12, 10, 74, 1, 78, 39, 50]","[4, 18, 61, 12, 10, 74, 1, 78, 39, 50]",[],10,10,"[""rflbat_first_distance_filter"", ""rflbat_cluster_filter"", ""rflbat_final_distance_filter""]",../main/re_result_6-29_APRA/cifar10_500_Jul.01_09.59.00_rflbat_fix_True_no-mia_no-mia-class_no-noise_sin-adv_DOBA/agg_records/pkl/round_0183_rflbat.pkl
184,rflbat,success,"[2, 77, 3, 44, 67, 70, 26, 30, 79, 16]","[2, 77, 3, 44, 67, 70, 26, 30, 79, 16]",[],10,10,"[""rflbat_first_distance_filter"", ""rflbat_cluster_filter"", ""rflbat_final_distance_filter""]",../main/re_result_6-29_APRA/cifar10_500_Jul.01_09.59.00_rflbat_fix_True_no-mia_no-mia-class_no-noise_sin-adv_DOBA/agg_records/pkl/round_0184_rflbat.pkl
185,rflbat,success,"[3, 72, 36, 34, 16, 70, 19, 46, 67, 57]","[3, 72, 36, 34, 16, 70, 19, 46, 67, 57]",[],10,10,"[""rflbat_first_distance_filter"", ""rflbat_cluster_filter"", ""rflbat_final_distance_filter""]",../main/re_result_6-29_APRA/cifar10_500_Jul.01_09.59.00_rflbat_fix_True_no-mia_no-mia-class_no-noise_sin-adv_DOBA/agg_records/pkl/round_0185_rflbat.pkl
186,rflbat,success,"[2, 24, 59, 35, 20, 50, 79, 93, 4, 26]","[2, 24, 59, 35, 20, 50, 79, 93, 4]",[26],10,9,"[""rflbat_first_distance_filter"", ""rflbat_cluster_filter"", ""rflbat_final_distance_filter""]",../main/re_result_6-29_APRA/cifar10_500_Jul.01_09.59.00_rflbat_fix_True_no-mia_no-mia-class_no-noise_sin-adv_DOBA/agg_records/pkl/round_0186_rflbat.pkl
187,rflbat,success,"[1, 34, 63, 70, 37, 33, 98, 90, 11, 45]","[1, 34, 63, 70, 37, 33, 98, 90, 11, 45]",[],10,10,"[""rflbat_first_distance_filter"", ""rflbat_cluster_filter"", ""rflbat_final_distance_filter""]",../main/re_result_6-29_APRA/cifar10_500_Jul.01_09.59.00_rflbat_fix_True_no-mia_no-mia-class_no-noise_sin-adv_DOBA/agg_records/pkl/round_0187_rflbat.pkl
188,rflbat,success,"[2, 96, 20, 82, 54, 18, 50, 99, 84, 51]","[2, 96, 20, 82, 54, 18, 50, 99, 84, 51]",[],10,10,"[""rflbat_first_distance_filter"", ""rflbat_cluster_filter"", ""rflbat_final_distance_filter""]",../main/re_result_6-29_APRA/cifar10_500_Jul.01_09.59.00_rflbat_fix_True_no-mia_no-mia-class_no-noise_sin-adv_DOBA/agg_records/pkl/round_0188_rflbat.pkl
189,rflbat,success,"[2, 26, 24, 94, 0, 65, 90, 89, 67, 58]","[2, 26, 24, 94, 0, 65, 90, 89, 67, 58]",[],10,10,"[""rflbat_first_distance_filter"", ""rflbat_cluster_filter"", ""rflbat_final_distance_filter""]",../main/re_result_6-29_APRA/cifar10_500_Jul.01_09.59.00_rflbat_fix_True_no-mia_no-mia-class_no-noise_sin-adv_DOBA/agg_records/pkl/round_0189_rflbat.pkl
190,rflbat,success,"[4, 9, 35, 10, 76, 63, 41, 97, 5, 96]","[4, 9, 35, 10, 76, 63, 41, 97, 5, 96]",[],10,10,"[""rflbat_first_distance_filter"", ""rflbat_cluster_filter"", ""rflbat_final_distance_filter""]",../main/re_result_6-29_APRA/cifar10_500_Jul.01_09.59.00_rflbat_fix_True_no-mia_no-mia-class_no-noise_sin-adv_DOBA/agg_records/pkl/round_0190_rflbat.pkl
191,rflbat,success,"[1, 97, 94, 6, 11, 47, 84, 51, 76, 71]","[1, 97, 94, 6, 11, 84, 76, 71]","[47, 51]",10,8,"[""rflbat_first_distance_filter"", ""rflbat_cluster_filter"", ""rflbat_final_distance_filter""]",../main/re_result_6-29_APRA/cifar10_500_Jul.01_09.59.00_rflbat_fix_True_no-mia_no-mia-class_no-noise_sin-adv_DOBA/agg_records/pkl/round_0191_rflbat.pkl
192,rflbat,success,"[4, 42, 20, 76, 81, 70, 69, 21, 18, 16]","[4, 42, 20, 76, 81, 21, 18, 16]","[70, 69]",10,8,"[""rflbat_first_distance_filter"", ""rflbat_cluster_filter"", ""rflbat_final_distance_filter""]",../main/re_result_6-29_APRA/cifar10_500_Jul.01_09.59.00_rflbat_fix_True_no-mia_no-mia-class_no-noise_sin-adv_DOBA/agg_records/pkl/round_0192_rflbat.pkl
193,rflbat,success,"[0, 60, 37, 52, 3, 92, 62, 56, 41, 96]","[0, 60, 37, 52, 3, 92, 62, 56, 41]",[96],10,9,"[""rflbat_first_distance_filter"", ""rflbat_cluster_filter"", ""rflbat_final_distance_filter""]",../main/re_result_6-29_APRA/cifar10_500_Jul.01_09.59.00_rflbat_fix_True_no-mia_no-mia-class_no-noise_sin-adv_DOBA/agg_records/pkl/round_0193_rflbat.pkl
194,rflbat,success,"[3, 80, 85, 29, 94, 75, 18, 77, 66, 21]","[3, 80, 85, 29, 94, 75, 18, 77, 66, 21]",[],10,10,"[""rflbat_first_distance_filter"", ""rflbat_cluster_filter"", ""rflbat_final_distance_filter""]",../main/re_result_6-29_APRA/cifar10_500_Jul.01_09.59.00_rflbat_fix_True_no-mia_no-mia-class_no-noise_sin-adv_DOBA/agg_records/pkl/round_0194_rflbat.pkl
195,rflbat,success,"[3, 43, 32, 86, 55, 97, 33, 21, 81, 20]","[3, 43, 32, 86, 55, 97, 33, 21, 81, 20]",[],10,10,"[""rflbat_first_distance_filter"", ""rflbat_cluster_filter"", ""rflbat_final_distance_filter""]",../main/re_result_6-29_APRA/cifar10_500_Jul.01_09.59.00_rflbat_fix_True_no-mia_no-mia-class_no-noise_sin-adv_DOBA/agg_records/pkl/round_0195_rflbat.pkl
196,rflbat,success,"[4, 43, 29, 48, 0, 70, 99, 92, 10, 73]","[4, 43, 29, 48, 0, 70, 99, 92, 10, 73]",[],10,10,"[""rflbat_first_distance_filter"", ""rflbat_cluster_filter"", ""rflbat_final_distance_filter""]",../main/re_result_6-29_APRA/cifar10_500_Jul.01_09.59.00_rflbat_fix_True_no-mia_no-mia-class_no-noise_sin-adv_DOBA/agg_records/pkl/round_0196_rflbat.pkl
197,rflbat,success,"[4, 3, 41, 98, 14, 2, 48, 95, 89, 61]","[4, 3, 41, 98, 14, 2, 48, 95, 89, 61]",[],10,10,"[""rflbat_first_distance_filter"", ""rflbat_cluster_filter"", ""rflbat_final_distance_filter""]",../main/re_result_6-29_APRA/cifar10_500_Jul.01_09.59.00_rflbat_fix_True_no-mia_no-mia-class_no-noise_sin-adv_DOBA/agg_records/pkl/round_0197_rflbat.pkl
